sid,cid,activity,protacxn,smiles,active
103298924,447682.0,Active,P19784,O=C(O)Cc1c2ccccc2n2c1[nH]c(=O)c1ccccc12,1
103281793,11414735.0,Active,P19784,COc1ccc2[nH]c3cnccc3c2c1Br,1
103759493,46905080.0,Active,P19784,C[C@H]1OC(OC2C(=O)c3c(O)cc(O)cc3O[C@@H]2c2ccc(O)c(O)c2)[C@H](O)[C@H](O)[C@@H]1O,1
103759494,46905081.0,Active,P19784,C[C@H]1OC(OC2C(=O)c3c(O)cc(O)cc3O[C@H]2c2ccc(O)c(O)c2)[C@H](O)[C@H](O)[C@@H]1O,1
103458021,5330391.0,Active,P19784,Clc1cccc(Nc2cncc(-c3cncc(NCCCn4cccn4)c3)n2)c1,1
103457830,5330392.0,Active,P19784,Clc1cccc(Nc2cncc(-c3cncc(NCCCn4cncn4)c3)n2)c1,1
103435765,9795307.0,Active,P19784,Oc1cc2cccc[n+]2c2c(Cl)cccc12,1
103512025,5326976.0,Active,P19784,CN(C)c1nc2c(Br)c(Br)c(Br)c(Br)c2[nH]1,1
103645273,135421442.0,Active,P19784,CCS(=O)(=O)Nc1ccc2[nH]c(O)c(C(=Nc3ccc(CN4CCCCC4)cc3)c3ccccc3)c2c1,1
103512013,5149739.0,Active,P19784,Brc1c(Br)c(Br)c2[nH]cnc2c1Br,1
103650627,44590795.0,Active,P19784,OCCCCn1nc2c(Br)c(Br)c(Br)c(Br)c2n1,1
103650626,44590794.0,Active,P19784,CN1CCN(CCCn2nc3c(Br)c(Br)c(Br)c(Br)c3n2)CC1,1
103650472,44590715.0,Active,P19784,OCCn1nnc2c(Br)c(Br)c(Br)c(Br)c21,1
103650545,44123807.0,Active,P19784,OCCCn1nnc2c(Br)c(Br)c(Br)c(Br)c21,1
103650547,44590746.0,Active,P19784,O=P(O)(O)OCCCn1nc2c(Br)c(Br)c(Br)c(Br)c2n1,1
103650546,44123808.0,Active,P19784,OCCCn1nc2c(Br)c(Br)c(Br)c(Br)c2n1,1
103650628,44123806.0,Active,P19784,OCCCn1cnc2c(Br)c(Br)c(Br)c(Br)c21,1
103440978,1694.0,Active,P19784,Brc1c(Br)c(Br)c2[nH]nnc2c1Br,1
103650629,44590796.0,Active,P19784,ClCCCn1cnc2c(Br)c(Br)c(Br)c(Br)c21,1
103650550,44590749.0,Active,P19784,CN1CCN(CCCn2nnc3c(Br)c(Br)c(Br)c(Br)c32)CC1,1
103650548,44590747.0,Active,P19784,ClCCCn1nnc2c(Br)c(Br)c(Br)c(Br)c21,1
103511950,5326977.0,Active,P19784,CSc1nc2c(Br)c(Br)c(Br)c(Br)c2[nH]1,1
103512052,11365120.0,Active,P19784,NC(=O)Cn1c(Br)nc2c(Br)c(Br)c(Br)c(Br)c21,1
103512009,10389037.0,Active,P19784,O=c1[nH]c2c(Br)c(Br)c(Br)c(Br)c2[nH]1,1
103512015,11224695.0,Active,P19784,Nc1nc2c(Br)c(Br)c(Br)c(Br)c2[nH]1,1
103512033,11191050.0,Active,P19784,CC(C)Nc1nc2c(Br)c(Br)c(Br)c(Br)c2[nH]1,1
103511958,11202723.0,Active,P19784,CSc1nc2c(Br)c(Br)c(Br)c(Br)c2n1C,1
103512040,11432151.0,Active,P19784,CC(O)CNc1nc2c(Br)c(Br)c(Br)c(Br)c2[nH]1,1
103512047,11466520.0,Active,P19784,CN(C)CCNc1nc2c(Br)c(Br)c(Br)c(Br)c2[nH]1,1
103512070,11352337.0,Active,P19784,CN(C)c1nc2c(Br)c(Br)c(Br)c(Br)c2n1C,1
103512023,11419852.0,Active,P19784,CNc1nc2c(Br)c(Br)c(Br)c(Br)c2[nH]1,1
103512032,11352374.0,Active,P19784,OCCNc1nc2c(Br)c(Br)c(Br)c(Br)c2[nH]1,1
103512014,42614390.0,Active,P19784,Brc1nc2c(Br)c(Br)c(Br)c(Br)c2[nH]1,1
103511980,11352967.0,Active,P19784,O=C(O)CSc1nc2c(Br)c(Br)c(Br)c(Br)c2[nH]1,1
103511994,11284111.0,Active,P19784,OCC(O)CSc1nc2c(Br)c(Br)c(Br)c(Br)c2[nH]1,1
103512069,11236611.0,Active,P19784,Cn1c(=O)[nH]c2c(Br)c(Br)c(Br)c(Br)c21,1
103512072,11341102.0,Active,P19784,CC(C)Nc1nc2c(Br)c(Br)c(Br)c(Br)c2n1C,1
103512051,11444255.0,Active,P19784,C=CCn1c(Br)nc2c(Br)c(Br)c(Br)c(Br)c21,1
103511965,11433400.0,Active,P19784,O=[N+]([O-])c1ccc(CSc2nc3c(Br)c(Br)c(Br)c(Br)c3[nH]2)cc1,1
103512001,11432846.0,Active,P19784,CCOC(=O)CSc1nc2c(Br)c(Br)c(Br)c(Br)c2[nH]1,1
103512049,11455295.0,Active,P19784,Cn1c(Br)nc2c(Br)c(Br)c(Br)c(Br)c21,1
103524901,16058637.0,Active,P19784,NC(=O)c1ccccc1Nc1ccnc(Nc2cccc(O)c2)n1,1
103475204,44406048.0,Active,P19784,Cc1[nH]nc2sc(C(N)=O)c(NC(=O)COc3ccccc3)c12,1
103475125,11359538.0,Active,P19784,O=C(NCc1ccccc1)c1cc2c(-c3ccccc3)[nH]nc2s1,1
103475074,44405988.0,Active,P19784,Cc1[nH]nc2sc(C(N)=O)cc12,1
103475066,44405983.0,Active,P19784,COC(=O)c1cc2c(Nc3ccccc3)[nH]nc2s1,1
103475203,44406047.0,Active,P19784,COC(=O)C(=O)Nc1c(C(N)=O)sc2[nH]nc(C)c12,1
103475091,44405999.0,Active,P19784,Cc1[nH]nc2sc(C(N)=O)c(NC(=O)c3ccccc3Cl)c12,1
103475144,44406019.0,Active,P19784,CC(=O)Nc1c(C(N)=O)sc2[nH]nc(C)c12,1
103474992,11645322.0,Active,P19784,CCCCN(C)C(=O)c1cc2c(-c3ccccc3)[nH]nc2s1,1
123092436,44259.0,Active,P19784,CN[C@@H]1C[C@H]2O[C@@](C)([C@@H]1OC)n1c3ccccc3c3c4c(c5c6ccccc6n2c5c31)C(=O)NC4,1
103488282,15604547.0,Active,P19784,Nc1cc2cc(-c3cncc(OC[C@@H](N)Cc4c[nH]c5ccccc45)c3)ccc2cn1,1
103492078,11630874.0,Active,P19784,O=C1NC(=O)C(=Cc2ccc(-c3ccc(F)cc3O)o2)S1,1
103491101,11314340.0,Active,P19784,Cc1[nH]nc2ccc(-c3cncc(OC[C@@H](N)Cc4ccccc4)c3)cc12,1
103500903,308815.0,Active,P19784,O=C(O)c1c[nH]c2c(ccc3ccccc32)c1=O,1
103501018,693139.0,Active,P19784,O=C(O)c1c[nH]c2c(Cl)c(Cl)ccc2c1=O,1
103501081,718154.0,Active,P19784,O=C(O)c1c[nH]c2c(Cl)cc(Cl)c(Cl)c2c1=O,1
103501010,291977.0,Active,P19784,Cc1c(Cl)ccc2c(=O)c(C(=O)O)c[nH]c12,1
103612831,24811794.0,Active,P19784,CN1CCCN(c2cncc(-c3cccc(/C=C/C(=O)O)c3)n2)CC1,1
103567132,16760660.0,Active,P19784,O=C(O)c1ccc2c3c1cccc3c(=O)n1c3ccccc3nc21,1
103309971,3973.0,Active,P19784,O=c1cc(N2CCOCC2)oc2c(-c3ccccc3)cccc12,1
103459815,11422035.0,Active,P19784,N#CC(c1ccnc(NCCc2cccnc2)n1)c1nc2ccccc2s1,1
103722924,126565.0,Active,P19784,C[C@]12O[C@H](C[C@]1(O)CO)n1c3ccccc3c3c4c(c5c6ccccc6n2c5c31)CNC4=O,1
124961688,50942630.0,Active,P19784,NC(=O)c1ccc2c(c1)nc(Nc1cccc(Cl)c1)c1ccncc12,1
124971998,50941758.0,Active,P19784,O=C(O)c1ccc2c3sccc3c(=O)n(CCCO)c2c1,1
124963982,53320599.0,Active,P19784,Cc1ccccc1Nc1nc(C(=O)O)cc2sccc12,1
124969346,50942345.0,Active,P19784,O=C(O)c1ccc2c(c1)nc(NCc1ccccc1)c1ccncc12,1
124961400,50941753.0,Active,P19784,O=C(O)c1ccc2c(c1)[nH]c(=O)c1ccsc12,1
124974561,53325884.0,Active,P19784,Clc1cccc(Nc2nc(-c3nn[nH]n3)cc3sccc23)c1,1
104246358,24748573.0,Active,P19784,O=C(O)c1ccc2c(c1)nc(Nc1cccc(Cl)c1)c1ccncc12,1
124958759,53317961.0,Active,P19784,c1ccc(Nc2nc(-c3nn[nH]n3)cc3sccc23)cc1,1
124961399,50942444.0,Active,P19784,O=C(O)c1ccc2c(c1)nc(Nc1ccccc1Cl)c1ccncc12,1
124966947,50942730.0,Active,P19784,O=C(O)c1ccc2c(c1)nc(Nc1cccc(Cl)c1)c1nccnc12,1
124972002,53324596.0,Active,P19784,O=C(O)c1cc2sccc2c(Nc2ccc(Cl)cc2)n1,1
124976382,50942441.0,Active,P19784,O=C(O)c1ccc2c(c1)nc(Nc1ccc(F)c(Cl)c1)c1ccncc12,1
124956472,53316790.0,Active,P19784,Fc1cccc(Nc2nc(-c3nn[nH]n3)cc3sccc23)c1,1
124958760,53317962.0,Active,P19784,CNC(=O)c1cccc(Nc2nc(C(=O)O)cc3sccc23)c1,1
124961402,50942529.0,Active,P19784,C#Cc1cccc(Nc2nc3cc(C(=O)O)ccc3c3cnccc23)c1,1
124972000,53324594.0,Active,P19784,CN(c1ccccc1)c1nc(C(=O)O)cc2sccc12,1
124973403,53325334.0,Active,P19784,O=C(O)c1cc2sccc2c(NCCc2ccccc2)n1,1
124956137,53316657.0,Active,P19784,O=C(O)c1cc2sccc2c(Nc2cccc(Cl)c2)n1,1
124971999,50941759.0,Active,P19784,O=C(O)c1ccc2c(c1)nc(OCCCO)c1ccsc12,1
124956136,53316656.0,Active,P19784,O=C(O)c1cc2sccc2c(N2CCCC2)n1,1
124956138,50942632.0,Active,P19784,Clc1cccc(Nc2nc3cc(-c4nn[nH]n4)ccc3c3cnccc23)c1,1
124958758,53317960.0,Active,P19784,O=C(O)c1cc2sccc2c(Nc2ccccc2)n1,1
124961689,50941394.0,Active,P19784,Cc1c(C(=O)O)ccc2c1nc(Nc1cccc(Cl)c1)c1ccncc12,1
124965896,50942245.0,Active,P19784,O=C(O)c1ccc2c(c1)nc(Nc1ccccc1)c1ccncc12,1
124966646,50942533.0,Active,P19784,O=C(O)c1ccc2c(c1)nc(Nc1cccc(Oc3ccccc3)c1)c1ccncc12,1
124966104,53321671.0,Active,P19784,COc1cccc(Nc2nc(C(=O)O)cc3sccc23)c1,1
124958757,50942437.0,Active,P19784,O=C(O)c1ccc2c(c1)nc(NCCCc1ccccc1)c1ccncc12,1
124963980,50942446.0,Active,P19784,O=C(O)c1ccc2c(c1)nc(Nc1ccc(Cl)cc1)c1ccncc12,1
124969348,53323251.0,Active,P19784,C#Cc1cccc(Nc2nc(C(=O)O)cc3sccc23)c1,1
124974562,50942443.0,Active,P19784,O=C(O)c1ccc2c(c1)nc(Nc1cccc(F)c1)c1ccncc12,1
124959126,50941397.0,Active,P19784,O=C(O)c1ccc2nc(Nc3cccc(Cl)c3)c3ccncc3c2c1,1
124961398,50942439.0,Active,P19784,COc1cccc(Nc2nc3cc(C(=O)O)ccc3c3cnccc23)c1,1
124971994,50942339.0,Active,P19784,O=C(O)c1ccc2c(c1)nc(NC1CCCC1)c1ccncc12,1
124974564,53325886.0,Active,P19784,O=C(O)c1cc2sccc2c(Nc2ccc(F)cc2)n1,1
124961397,50942338.0,Active,P19784,CN(C)CCNc1nc2cc(C(=O)O)ccc2c2cnccc12,1
124971995,50942342.0,Active,P19784,O=C(O)c1ccc2c(c1)nc(NC1CC1)c1ccncc12,1
124963979,50942347.0,Active,P19784,O=C(O)c1ccc2c(c1)nc(NCCc1ccccc1)c1ccncc12,1
124963981,53320598.0,Active,P19784,CN(C)CCNc1nc(C(=O)O)cc2sccc12,1
124966644,53321903.0,Active,P19784,O=C(O)c1cc2sccc2c(NCCO)n1,1
124966948,50942731.0,Active,P19784,O=C(O)c1ccc2c(c1)nc(Nc1cccc(Cl)c1)c1ncncc12,1
124969345,50942340.0,Active,P19784,CONc1nc2cc(C(=O)O)ccc2c2cnccc12,1
124963983,50942531.0,Active,P19784,N#Cc1cccc(Nc2nc3cc(C(=O)O)ccc3c3cnccc23)c1,1
124969349,50942532.0,Active,P19784,O=C(O)c1ccc2c(c1)nc(Nc1ccc(Oc3ccccc3)cc1)c1ccncc12,1
124966643,50941855.0,Active,P19784,O=C(O)c1ccc2c(c1)nc(NCCCO)c1ccsc12,1
124974565,53325887.0,Active,P19784,O=C(O)c1cc2sccc2c(Nc2cccc(Oc3ccccc3)c2)n1,1
124969347,53323250.0,Active,P19784,O=C(O)c1cc2sccc2c(Nc2cccc(F)c2)n1,1
124971996,50942343.0,Active,P19784,CC(C)OCCNc1nc2cc(C(=O)O)ccc2c2cnccc12,1
124974566,50942534.0,Active,P19784,NS(=O)(=O)c1cccc(Nc2nc3cc(C(=O)O)ccc3c3cnccc23)c1,1
124970035,53323574.0,Active,P19784,O=C(O)c1ccc2c(c1)nc(Nc1ccc(F)c(Cl)c1)c1ncncc12,1
124970036,53323575.0,Active,P19784,CN(c1ccccc1)c1nc2cc(C(=O)O)ccc2c2cnc(NC3CC3)nc12,1
124975232,53326156.0,Active,P19784,C#Cc1cccc(Nc2nc3cc(C(=O)O)ccc3c3cncnc23)c1,1
124975234,53326158.0,Active,P19784,O=C(O)c1ccc2c(c1)nc(Nc1cccc(F)c1)c1nc(NC3CC3)ncc12,1
124962083,53319611.0,Active,P19784,CC(C)Nc1ncc2c(n1)c(Nc1cccc(Cl)c1)nc1cc(C(=O)O)ccc12,1
124956794,53316958.0,Active,P19784,Cc1ncc2c(n1)c(Nc1cccc(Cl)c1)nc1cc(C(=O)O)ccc12,1
124956796,53316960.0,Active,P19784,O=C(O)c1ccc2c(c1)nc(Nc1ccccc1)c1nc(Nc3ccccc3)ncc12,1
124960632,49779959.0,Active,P19784,O=C(O)c1ccc2c(c1)nc(Nc1cccc(C(F)(F)F)c1)c1nc(NC3CC3)ncc12,1
124964660,53320899.0,Active,P19784,O=C(O)c1ccc2c(c1)nc(Nc1ccccc1)c1nc(NC3CC3)ncc12,1
124975233,53326157.0,Active,P19784,O=C(O)c1ccc2c(c1)nc(Nc1cccc(C(F)(F)F)c1)c1ncncc12,1
124972632,53324882.0,Active,P19784,CCNc1ncc2c(n1)c(Nc1cccc(Cl)c1)nc1cc(C(=O)O)ccc12,1
124956795,53316959.0,Active,P19784,O=C(O)c1ccc2c(c1)nc(Nc1cccc(Cl)c1)c1nc(NC3CC3)ncc12,1
124962082,53319610.0,Active,P19784,O=C(O)c1ccc2c(c1)nc(Nc1cccc(F)c1)c1ncncc12,1
124964658,53320897.0,Active,P19784,Nc1ncc2c(n1)c(Nc1cccc(Cl)c1)nc1cc(C(=O)O)ccc12,1
124972631,53324881.0,Active,P19784,CNc1ncc2c(n1)c(Nc1cccc(Cl)c1)nc1cc(C(=O)O)ccc12,1
124975235,53326159.0,Active,P19784,C#Cc1cccc(Nc2nc3cc(C(=O)O)ccc3c3cnc(NC4CC4)nc23)c1,1
124959435,53318248.0,Active,P19784,O=C(O)c1ccc2c(c1)nc(Nc1cc(F)cc(F)c1)c1ncncc12,1
103167027,5280343.0,Active,P19784,O=c1c(O)c(-c2ccc(O)c(O)c2)oc2cc(O)cc(O)c12,1
124963324,3682432.0,Active,P19784,O=C(O)CCSc1ncnc2scc(-c3ccc(Cl)cc3)c12,1
124973572,51355409.0,Active,P19784,Cc1ccc(-c2csc3ncnc(SCCC(=O)O)c23)cc1C,1
124957796,28900926.0,Active,P19784,Cc1cc2c(SCCC(=O)O)ncnc2s1,1
124960226,1536915.0,Active,P19784,Cc1ccc(-c2csc3ncnc(SCCC(=O)O)c23)cc1,1
124962830,2792184.0,Active,P19784,CC1CCc2c(sc3ncnc(SCC(=O)O)c23)C1,1
124960984,725214.0,Active,P19784,O=C(O)CSc1ncnc2sc(-c3ccccc3)cc12,1
124965663,51351528.0,Active,P19784,CCOc1ccc(-c2csc3ncnc(SCCC(=O)O)c23)cc1,1
124971554,2343817.0,Active,P19784,Cc1nc(SCCC(=O)O)c2cc(-c3ccccc3)sc2n1,1
124957795,4737003.0,Active,P19784,Cc1cc2c(SCC(=O)O)ncnc2s1,1
124973794,51355410.0,Active,P19784,O=C(O)CCSc1ncnc2scc(-c3ccc(F)cc3)c12,1
131274592,52920862.0,Active,P19784,CC(=O)Oc1c(Cl)c(Cl)c2oc(C(=O)C=C(C)C)c(N)c2c1C#N,1
131274591,52920922.0,Active,P19784,CC(C)=CC(=O)c1oc2c(Cl)c(Cl)c(O)c(C#N)c2c1N,1
131272645,54580279.0,Active,P19784,CCOC(=O)c1oc2c(Cl)c(Cl)c(OC(C)=O)c(C#N)c2c1N,1
103720277,44263451.0,Active,P19784,O=C(O)Cn1cnc2c(Br)c(Br)c(Br)c(Br)c21,1
136943427,56968177.0,Active,P19784,Cn1c(SCCCC(=O)O)nc2c(Br)c(Br)c(Br)c(Br)c21,1
136930415,56968172.0,Active,P19784,CN(C)c1nc2c(Br)c(Br)c(Br)c(Br)c2n1CCCC(=O)O,1
136933923,56968176.0,Active,P19784,O=C(O)CCCSc1nc2c(Br)c(Br)c(Br)c(Br)c2[nH]1,1
136937048,56968171.0,Active,P19784,O=C(O)CCCn1cnc2c(Br)c(Br)c(Br)c(Br)c21,1
103720135,44263430.0,Active,P19784,Ic1c(I)c(I)c2[nH]cnc2c1I,1
103720378,44263445.0,Active,P19784,O=C(O)CSc1nc2c(I)c(I)c(I)c(I)c2[nH]1,1
104249971,46943415.0,Active,P19784,CN(C)c1nc2c(Br)c(Br)c(Br)c(Br)c2n1CC(=O)O,1
136927223,56968174.0,Active,P19784,O=C(O)CCSc1nc2c(Br)c(Br)c(Br)c(Br)c2[nH]1,1
136937047,56968175.0,Active,P19784,Cn1c(SCCC(=O)O)nc2c(Br)c(Br)c(Br)c(Br)c21,1
103720380,44263447.0,Active,P19784,O=C(O)Cn1cnc2c(I)c(I)c(I)c(I)c21,1
136940247,57400663.0,Active,P19784,Cn1c(SCC(=O)O)nc2c(Br)c(Br)c(Br)c(Br)c21,1
136932861,25252992.0,Active,P19784,O=C(O)c1ccc2c(c1)nc(-c1cccc(F)c1)c1ccncc12,1
136932862,25253460.0,Active,P19784,Nc1cccc(-c2nc3cc(C(=O)O)ccc3c3cnccc23)c1,1
136938325,57399601.0,Active,P19784,O=C(O)c1ccc2c(c1)nc(Sc1cccc(Cl)c1)c1ccncc12,1
136922141,57390927.0,Active,P19784,NS(=O)(=O)c1cccc(-c2nc3cc(C(=O)O)ccc3c3cnccc23)c1,1
136938450,57399667.0,Active,P19784,NC(=O)c1cccc(-c2nc3cc(C(=O)O)ccc3c3cncnc23)c1,1
136939405,57400204.0,Active,P19784,O=C(O)c1ccc2c(c1)nc(-c1ccncc1)c1ccncc12,1
136928642,56835080.0,Active,P19784,CCNc1ncc2c(n1)c(-c1ccc(Cl)cc1)nc1cc(C(=O)O)ccc12,1
136931882,57396210.0,Active,P19784,CN(c1cccc(Cl)c1)c1nc2cc(C(=O)O)ccc2c2cnccc12,1
136941661,57401423.0,Active,P19784,CONC(=O)c1ccc2c(c1)nc(-c1ccc(Cl)cc1)c1ccncc12,1
136945838,25252993.0,Active,P19784,O=C(O)c1ccc2c(c1)nc(-c1cccc(Cl)c1)c1ccncc12,1
136928644,57394446.0,Active,P19784,O=C(O)c1ccc2nc(-c3ccc(Cl)cc3)c3ccncc3c2c1,1
136941658,25253932.0,Active,P19784,O=C(O)c1ccc2c(c1)nc(-c1ccccc1OC(F)(F)F)c1ccncc12,1
136941659,25252840.0,Active,P19784,O=C(O)c1ccc2c(c1)nc(-c1ccc(Cl)s1)c1ccncc12,1
136935325,57398010.0,Active,P19784,O=C(O)c1ccc2c(c1)nc(-c1cccc(O)c1)c1ncncc12,1
136922144,57390929.0,Active,P19784,Clc1ccc(-c2nc3cc(-c4nn[nH]n4)ccc3c3cnccc23)cc1,1
136944838,25253151.0,Active,P19784,O=C(O)c1ccc2c(c1)nc(-c1ccc(Cl)cc1)c1ccncc12,1
136922142,57390928.0,Active,P19784,O=C(O)c1ccc2c(c1)nc(-c1ccc(Cl)cc1)c1ncncc12,1
136932863,57396761.0,Active,P19784,O=C(O)c1ccc2c(c1)nc(-c1cccc(O)c1)c1ccncc12,1
136928641,57394444.0,Active,P19784,Cc1ccccc1-c1nc2cc(C(=O)O)ccc2c2cnccc12,1
136926399,57393278.0,Active,P19784,CS(=O)(=O)c1cccc(-c2nc3cc(C(=O)O)ccc3c3cnccc23)c1,1
136928640,57394443.0,Active,P19784,NC(=O)c1cccc(-c2nc3cc(C(=O)O)ccc3c3cnccc23)c1,1
136931881,25222170.0,Active,P19784,O=C(O)c1ccc2c(c1)nc(-c1ccccc1)c1nc(NC3CC3)ncc12,1
136941660,57401422.0,Active,P19784,COC(=O)c1ccc2c(c1)nc(-c1ccc(Cl)cc1)c1ccncc12,1
136932860,25253303.0,Active,P19784,O=C(O)c1ccc2c(c1)nc(-c1ccccc1)c1ccncc12,1
136928643,57394445.0,Active,P19784,NC(=O)c1ccc2c(c1)nc(-c1ccc(Cl)cc1)c1ccncc12,1
136928645,57394447.0,Active,P19784,O=C(O)c1cccc2c1nc(-c1ccc(Cl)cc1)c1ccncc12,1
136936265,57398530.0,Active,P19784,O=C(O)c1ccc2c(c1)nc(-c1cccc(OC(F)(F)F)c1)c1ccncc12,1
136944839,25254090.0,Active,P19784,Cc1cscc1-c1nc2cc(C(=O)O)ccc2c2cnccc12,1
136931880,25252995.0,Active,P19784,O=C(O)c1ccc2c(c1)nc(-c1ccccc1F)c1ccncc12,1
136938326,57399602.0,Active,P19784,O=C(O)c1ccc2c(c1)nc(Cc1cccc(Cl)c1)c1ccncc12,1
136928646,57394448.0,Active,P19784,O=C(O)c1ccc2c(c1)nc(Oc1cccc(Cl)c1)c1ccncc12,1
136936264,57398529.0,Active,P19784,COc1cccc(-c2nc3cc(C(=O)O)ccc3c3cnccc23)c1,1
136941657,25252842.0,Active,P19784,O=C(O)c1ccc2c(c1)nc(-c1ccc(F)cc1)c1ccncc12,1
136922143,25252996.0,Active,P19784,O=C(O)c1ccc2c(c1)nc(-c1ccsc1)c1ccncc12,1
104246801,42642645.0,Active,P19784,COc1cc2c(Oc3ccc(NC(=O)C4(C(=O)Nc5ccc(F)cc5)CC4)cc3F)ccnc2cc1OCCCN1CCOCC1,1
136925373,15983966.0,Active,P19784,C[C@@H](Oc1cc(-n2cnc3ccc(CN4CCN(C)CC4)cc32)sc1C(N)=O)c1ccccc1C(F)(F)F,1
134449640,25126798.0,Active,P19784,N#CC[C@H](C1CCCC1)n1cc(-c2ncnc3[nH]ccc23)cn1,1
103526391,10427712.0,Active,P19784,Nc1nc(N)c2nc(-c3cccc(O)c3)c(-c3cccc(O)c3)nc2n1,1
103583760,10461815.0,Active,P19784,C=c1c(C(=O)N2CCC[C@@H]2CN2CCCC2)c(C)[nH]c1=Cc1c(O)[nH]c2ccc(S(=O)(=O)Cc3c(Cl)cccc3Cl)cc12,1
103694308,9884685.0,Active,P19784,Oc1cccc(-c2nc(N3CCOCC3)c3oc4ncccc4c3n2)c1,1
103654502,135423438.0,Active,P19784,COC(=O)c1ccc2c(C(=Nc3ccc(N(C)C(=O)CN4CCN(C)CC4)cc3)c3ccccc3)c(O)[nH]c2c1,1
123092542,135565635.0,Active,P19784,CC(C)n1nc(-c2cc3cc(O)ccc3[nH]2)c2c(N)ncnc21,1
136941612,44551653.0,Active,P19784,CN(C)CC(=O)N1CCC(c2ccc(NC(=O)c3nc(C#N)c[nH]3)c(C3=CCCCC3)c2)CC1,1
123089189,16722836.0,Active,P19784,Cc1cnc(Nc2ccc(OCCN3CCCC3)cc2)nc1Nc1cccc(S(=O)(=O)NC(C)(C)C)c1,1
103583785,16038120.0,Active,P19784,COc1cc(N2CCC(N3CCN(C)CC3)CC2)ccc1Nc1ncc(Cl)c(Nc2ccccc2S(=O)(=O)C(C)C)n1,1
136944791,11427553.0,Active,P19784,O=C(c1ccc(C=Cc2[nH]nc3ccccc23)cc1)N1CCNCC1,1
123098392,6450551.0,Active,P19784,CNC(=O)c1ccccc1Sc1ccc2c(C=Cc3ccccn3)[nH]nc2c1,1
103596121,11213558.0,Active,P19784,COc1cc(Nc2ncc(F)c(Nc3ccc4c(n3)NC(=O)C(C)(C)O4)n2)cc(OC)c1OC,1
103605815,17755052.0,Active,P19784,CS(=O)(=O)N1CCN(Cc2cc3nc(-c4cccc5[nH]ncc45)nc(N4CCOCC4)c3s2)CC1,1
160678836,135867997.0,Active,P19784,O=c1[nH]c(-c2cccc(Cl)c2Cl)nc2c1oc1ccc(Br)cc12,1
160668177,135867956.0,Active,P19784,O=c1[nH]c(-c2c(F)cccc2Cl)nc2c1oc1ccc(C3CC3)cc12,1
160673164,135867941.0,Active,P19784,N[C@H]1CCN(Cc2nc(=O)c3oc4ccc(Br)cc4c3[nH]2)C1,1
160705704,136254224.0,Active,P19784,COc1ccccc1-c1nc(=O)c2oc3ccc(Br)cc3c2[nH]1,1
160667823,135867940.0,Active,P19784,N[C@@H]1CCN(Cc2nc(=O)c3oc4ccc(Br)cc4c3[nH]2)C1,1
160678835,135867906.0,Active,P19784,O=c1[nH]c(-c2cc(F)ccc2Cl)nc2c1oc1ccc(Br)cc12,1
160684198,136190059.0,Active,P19784,CN1CCCC(Cc2nc(=O)c3oc4ccc(Br)cc4c3[nH]2)C1,1
160695008,135867972.0,Active,P19784,Cc1ccc2oc3c(=O)[nH]c(-c4ccccc4Cl)nc3c2c1,1
160668173,135867918.0,Active,P19784,COc1ccc2oc3c(=O)[nH]c(-c4ccccc4Cl)nc3c2c1,1
160668175,136189770.0,Active,P19784,CNc1ccc2oc3c(=O)[nH]c(-c4ccccc4Cl)nc3c2c1,1
160673489,136244208.0,Active,P19784,O=c1[nH]c(-c2ccc(NCC3CCNCC3)cc2)nc2c1oc1ccc(Br)cc12,1
160678837,135867976.0,Active,P19784,COc1cccc(-c2nc(=O)c3oc4ccc(Br)cc4c3[nH]2)c1Cl,1
160668174,135867996.0,Active,P19784,O=c1[nH]c(-c2ccccc2Cl)nc2c1oc1ccc(-c3ccccc3)cc12,1
160678834,135867954.0,Active,P19784,CC(C)c1ccccc1-c1nc(=O)c2oc3ccc(Br)cc3c2[nH]1,1
160684199,136189847.0,Active,P19784,CN1CCN(Cc2nc(=O)c3oc4ccc(I)cc4c3[nH]2)CC1,1
160684200,135867927.0,Active,P19784,CN1CCN(Cc2nc(=O)c3oc4ccc(C5CC5)cc4c3[nH]2)CC1,1
160684193,135867903.0,Active,P19784,O=c1[nH]c(-c2ccc(F)cc2Cl)nc2c1oc1ccc(Br)cc12,1
160695005,135867923.0,Active,P19784,O=c1[nH]c(-c2ccccc2Cl)nc2c1oc1ccc(Cl)cc12,1
160678832,135867966.0,Active,P19784,O=c1[nH]c(-c2ccccc2Cl)nc2c1oc1ccc(O)cc12,1
160678839,135867984.0,Active,P19784,CN1CCN(Cc2nc(=O)c3oc4ccc(Cl)cc4c3[nH]2)CC1,1
160689571,135566647.0,Active,P19784,CN1CCN(Cc2nc(=O)c3oc4ccc(Br)cc4c3[nH]2)CC1,1
160668181,135867925.0,Active,P19784,CC(=O)c1ccc2oc3c(=O)[nH]c(CN4CCN(C)CC4)nc3c2c1,1
160705701,136254226.0,Active,P19784,O=c1[nH]c(-c2ccccc2Cl)nc2c1oc1ccccc12,1
160668176,135867952.0,Active,P19784,CC(=O)Nc1ccc2oc3c(=O)[nH]c(-c4ccccc4Cl)nc3c2c1,1
160684197,136190062.0,Active,P19784,CN1C[C@@H]2C[C@H]1CN2Cc1nc(=O)c2oc3ccc(Br)cc3c2[nH]1,1
160700398,136190081.0,Active,P19784,O=c1[nH]c(-c2ccccc2Cl)nc2c1oc1ccc(OC(F)(F)F)cc12,1
160668180,136190017.0,Active,P19784,O=c1[nH]c(CN2CC(O)C2)nc2c1oc1ccc(Br)cc12,1
160673488,136189895.0,Active,P19784,O=C(NCCN1CCCCC1)c1ccc(-c2nc(=O)c3oc4ccc(Br)cc4c3[nH]2)c(Cl)c1,1
160673165,135930672.0,Active,P19784,O=c1[nH]c(CN2CCCC2)nc2c1oc1ccc(Br)cc12,1
160678838,136189797.0,Active,P19784,NCc1ccc(-c2nc(=O)c3oc4ccc(Br)cc4c3[nH]2)c(Cl)c1,1
160684195,136189695.0,Active,P19784,O=c1[nH]c(CN2CCC2)nc2c1oc1ccc(Br)cc12,1
160695009,135867953.0,Active,P19784,O=c1[nH]c(-c2ccccc2Cl)nc2c1oc1ccc(C(F)(F)F)cc12,1
160684194,135867998.0,Active,P19784,O=c1[nH]c(-c2ccc(Cl)cc2Cl)nc2c1oc1ccc(Br)cc12,1
160689569,135868002.0,Active,P19784,N#Cc1ccc2oc3c(=O)[nH]c(-c4ccccc4Cl)nc3c2c1,1
160700397,135566645.0,Active,P19784,O=c1[nH]c(-c2ccccc2Cl)nc2c1oc1ccc(Br)cc12,1
160678833,135867959.0,Active,P19784,COc1cccc2oc3c(=O)[nH]c(-c4ccccc4Cl)nc3c12,1
160668178,136189934.0,Active,P19784,O=c1[nH]c(-c2ccc(CNC3CCNCC3)cc2Cl)nc2c1oc1ccc(Br)cc12,1
160683863,136189674.0,Active,P19784,O=c1[nH]c(CN2CC[C@@H](O)C2)nc2c1oc1ccc(Br)cc12,1
160705703,136254227.0,Active,P19784,Nc1ccc2oc3c(=O)[nH]c(-c4ccccc4Cl)nc3c2c1,1
160700401,135867981.0,Active,P19784,O=c1[nH]c(CN2CCCCC2)nc2c1oc1ccc(Br)cc12,1
160689570,136189660.0,Active,P19784,O=C(CCN1CCCCC1)Nc1ccc(-c2nc(=O)c3oc4ccc(Br)cc4c3[nH]2)c(Cl)c1,1
160700400,135867912.0,Active,P19784,O=c1[nH]c(-c2c(F)cccc2Cl)nc2c1oc1ccc(Br)cc12,1
160668179,136254225.0,Active,P19784,CN1C[C@@H]2CC[C@H]1CN2Cc1nc(=O)c2oc3ccc(Br)cc3c2[nH]1,1
160684196,135867902.0,Active,P19784,CC(c1nc(=O)c2oc3ccc(Br)cc3c2[nH]1)N1CCN(C)CC1,1
160695010,136254223.0,Active,P19784,COc1ccc2c(c1)oc1c(=O)[nH]c(-c3ccccc3Cl)nc12,1
160700399,135867967.0,Active,P19784,O=c1[nH]c(-c2ccccc2Cl)nc2c1oc1cc(O)ccc12,1
160705388,135566648.0,Active,P19784,O=c1[nH]c(CN2CC[C@H](O)C2)nc2c1oc1ccc(Br)cc12,1
160696483,70692851.0,Active,P19784,O=C(CCCC[C@@H]1SC[C@@H]2NC(=O)N[C@@H]21)NCCOCCOCCNC(=O)COc1cc(O)c2c(=O)c(O)c(-c3ccc(O)c(O)c3)oc2c1,1
160675643,57342541.0,Active,P19784,O=C(O)c1ccc(-c2nnc(NC(=O)C3CC3)s2)cc1,1
160675644,57342719.0,Active,P19784,CCCCCCOC(=O)Nc1nnc(-c2ccc(C(=O)O)cc2)s1,1
160691771,57342542.0,Active,P19784,C/C=C(\C)C(=O)Nc1nnc(-c2ccc(C(=O)O)cc2)s1,1
160675640,57342376.0,Active,P19784,O=C(O)c1ccc(-c2nnc(NC(=O)c3ccccc3)s2)cc1,1
160685000,16224258.0,Active,P19784,O=C(O)Cc1ccn(-c2cncc(-n3ncc4ccc(NC5CCCC5)cc43)n2)c1,1
160675641,57342377.0,Active,P19784,O=C(O)c1ccc(-c2nnc(NC(=O)c3ccc(F)cc3)s2)cc1,1
160697183,57342378.0,Active,P19784,COc1ccc(C(=O)Nc2nnc(-c3ccc(C(=O)O)cc3)s2)cc1,1
160702573,57342036.0,Active,P19784,COc1ccc(C(=O)Nc2ncc(-c3ccc(C(=O)O)cc3)s2)cc1,1
160686293,57342718.0,Active,P19784,CCCCCOC(=O)Nc1nnc(-c2ccc(C(=O)O)cc2)s1,1
160702572,57342544.0,Active,P19784,C=CCOC(=O)Nc1nnc(-c2ccc(C(=O)O)cc2)s1,1
160707804,57342375.0,Active,P19784,CC(=O)Nc1nnc(-c2ccc(C(=O)O)cc2)s1,1
160680974,57342380.0,Active,P19784,O=C(O)c1ccc(-c2nnc(NC(=O)c3ccco3)s2)cc1,1
160697184,57342547.0,Active,P19784,CCCCOC(=O)Nc1nnc(-c2ccc(C(=O)O)cc2)s1,1
160670321,57342382.0,Active,P19784,COCC(=O)Nc1nnc(-c2ccc(C(=O)O)cc2)s1,1
160670322,57342210.0,Active,P19784,COc1ccc(C(=O)Nc2cc(-c3ccc(C(=O)O)cc3)[nH]n2)cc1,1
160686292,57342543.0,Active,P19784,COCCOC(=O)Nc1nnc(-c2ccc(C(=O)O)cc2)s1,1
160670320,57342379.0,Active,P19784,O=C(O)c1ccc(-c2nnc(NC(=O)c3cccs3)s2)cc1,1
160675642,57342381.0,Active,P19784,O=C(CO)Nc1nnc(-c2ccc(C(=O)O)cc2)s1,1
160697185,57342548.0,Active,P19784,CC(C)COC(=O)Nc1nnc(-c2ccc(C(=O)O)cc2)s1,1
160680975,57342545.0,Active,P19784,CCCOC(=O)Nc1nnc(-c2ccc(C(=O)O)cc2)s1,1
160680976,57342546.0,Active,P19784,CC(C)OC(=O)Nc1nnc(-c2ccc(C(=O)O)cc2)s1,1
134444362,135398522.0,Active,P19784,O=C1N=C(Nc2ccccc2)N=C1Cc1ccc2c(c1)OCO2,1
164133535,71553154.0,Active,P19784,Cc1cc(-c2cnc(Nc3cc(Cl)cc(Cl)c3)nc2NC2CCC(N(C)C)CC2)on1,1
103167833,4212.0,Active,P19784,O=C1C=CC(=O)c2c1c(O)c1c(NCCNCCO)ccc(NCCNCCO)c1c2O,1
174488834,72375558.0,Active,P19784,CN1CCC(Nc2ccc3ncc(-c4cnn(-c5ccc(C#N)cc5)c4)n3n2)CC1,1
174502398,71739432.0,Active,P19784,O=C(O)c1ccc2c(c1)nc(Nc1cccc(Cl)c1)c1cc(-c3cccnc3)cn12,1
174517755,71741168.0,Active,P19784,O=C(O)c1cc2c(Nc3cccc(Cl)c3)nc3ccccc3n2c1,1
174497159,71741292.0,Active,P19784,C#Cc1cccc(Nc2nc3cc(C(=O)O)ccc3n3cccc23)c1,1
174497158,71741170.0,Active,P19784,O=C(O)c1ccn2c1c(Nc1cccc(Cl)c1)nc1ccccc12,1
174517757,71741293.0,Active,P19784,O=C(O)c1ccc2nc(Nc3cccc(Cl)c3)c3cccn3c2c1,1
174487046,71741294.0,Active,P19784,C#Cc1cccc(Nc2nc3ccc(C(=O)O)cc3n3cccc23)c1,1
174492085,71739431.0,Active,P19784,C#Cc1cccc(Nc2ccc3c(c2)nc(C(=O)O)c2cccn23)c1,1
174517754,71741167.0,Active,P19784,Nc1cccc(C#Cc2ccc3c(c2)nc(C(=O)O)c2cccn23)c1,1
174507589,71741171.0,Active,P19784,C#Cc1cccc(Nc2nc3ccccc3n3ccc(C(=O)O)c23)c1,1
103163815,5281855.0,Active,P19784,O=c1c(O)cc2c(O)oc3c(=O)c(O)cc4c(O)oc1c2c43,1
174517756,71741169.0,Active,P19784,C#Cc1cccc(Nc2nc3ccccc3n3cc(C(=O)O)cc23)c1,1
174517753,71741297.0,Active,P19784,O=C(O)c1nc2cc(Nc3cccc(Cl)c3)ccc2n2cccc12,1
103219982,3220.0,Active,P19784,Cc1cc(O)c2c(c1)C(=O)c1cc(O)cc(O)c1C2=O,1
174512698,71739433.0,Active,P19784,C#Cc1cccc(Nc2nc3cc(C(=O)O)ccc3n3cc(-c4cccnc4)cc23)c1,1
174522975,59587770.0,Active,P19784,O=C(O)c1ccc2c(c1)nc(Nc1cccc(Cl)c1)c1cccn12,1
174514541,73353970.0,Active,P19784,CC(C)n1c2c(c3c(O)ccc(O)c31)C(=O)c1ccccc1-2,1
174509370,24826192.0,Active,P19784,O=c1ccc(=O)c2c1c1c(=O)c3ccccc3c1n2Cc1ccccc1,1
174489271,1285732.0,Active,P19784,COc1cc(-c2cc(=O)c3cc(Br)cc(Br)c3o2)ccc1O,1
103463313,906479.0,Active,P19784,COc1cc(-c2cc(=O)c3cc(O)ccc3o2)ccc1O,1
174489270,28811776.0,Active,P19784,Cc1cc(C)c2oc(-c3ccc(O)c(Br)c3)cc(=O)c2c1,1
174504696,28811766.0,Active,P19784,COc1cc(-c2cc(=O)c3cc(Cl)cc(Cl)c3o2)ccc1O,1
103203131,5281614.0,Active,P19784,O=c1c(O)c(-c2ccc(O)c(O)c2)oc2cc(O)ccc12,1
103165116,5280443.0,Active,P19784,O=c1cc(-c2ccc(O)cc2)oc2cc(O)cc(O)c12,1
103258907,5281672.0,Active,P19784,O=c1c(O)c(-c2cc(O)c(O)c(O)c2)oc2cc(O)cc(O)c12,1
174504705,52113929.0,Active,P19784,COc1cc(-c2cc(=O)c3cc(Br)cc(Br)c3o2)cc(Cl)c1O,1
174520013,1659448.0,Active,P19784,COc1cc(-c2cc(=O)c3cc(C)ccc3o2)ccc1O,1
136929826,28811779.0,Active,P19784,COc1cc(-c2cc(=O)c3cc(C)c(C)cc3o2)ccc1O,1
136929827,52113459.0,Active,P19784,COc1cc(-c2cc(=O)c3ccc4ccccc4c3o2)ccc1O,1
174489256,28812131.0,Active,P19784,COc1cc(-c2cc(=O)c3cc(Br)ccc3o2)ccc1O,1
174504706,52113460.0,Active,P19784,COc1cc(-c2cc(=O)c3ccc4ccccc4c3o2)cc(Cl)c1O,1
174509827,38997302.0,Active,P19784,COc1cc(-c2cc(=O)c3cc(NC(C)=O)ccc3o2)ccc1O,1
174520014,38997318.0,Active,P19784,COc1cc(-c2cc(=O)c3cc(Cl)cc(Cl)c3o2)cc(Cl)c1O,1
174525312,52113922.0,Active,P19784,COc1cc(-c2cc(=O)c3ccc(C)c(C)c3o2)ccc1O,1
103528472,676035.0,Active,P19784,COc1cc(-c2cc(=O)c3ccccc3o2)ccc1O,1
174499450,715497.0,Active,P19784,CCOc1cc(-c2cc(=O)c3ccccc3o2)ccc1O,1
174514990,28811773.0,Active,P19784,COc1cc(-c2cc(=O)c3cc(Cl)c(C)cc3o2)ccc1O,1
174520029,28283204.0,Active,P19784,Cc1cc(C)c2oc(-c3cc(Cl)c(O)c(Cl)c3)cc(=O)c2c1,1
174514986,28812127.0,Active,P19784,COc1cc(-c2cc(=O)c3cc(Cl)ccc3o2)ccc1O,1
174509824,734936.0,Active,P19784,COc1cc(-c2cc(=O)c3cc(C)cc(C)c3o2)ccc1O,1
174509841,52113458.0,Active,P19784,COc1cc(-c2cc(=O)c3cc(Cl)cc(C)c3o2)ccc1O,1
174514985,1659442.0,Active,P19784,Cc1ccc2oc(-c3ccc(O)cc3)cc(=O)c2c1,1
174514988,28812128.0,Active,P19784,COc1cc(-c2cc(=O)c3cc(C)cc(C)c3o2)cc(Cl)c1O,1
174514989,28811764.0,Active,P19784,COc1cc(-c2cc(=O)c3cc(C)cc(C)c3o2)cc(Br)c1O,1
174520030,12261165.0,Active,P19784,COc1ccc2c(=O)cc(-c3ccc(O)c(OC)c3)oc2c1,1
174494318,28812130.0,Active,P19784,COc1cc(-c2cc(=O)c3cc(C)cc(C)c3o2)cc([N+](=O)[O-])c1O,1
174509826,28812126.0,Active,P19784,COc1ccc2oc(-c3ccc(O)c(OC)c3)cc(=O)c2c1,1
174494306,28811767.0,Active,P19784,Cc1cc(C)c2oc(-c3ccc(O)c(O)c3)cc(=O)c2c1,1
174489251,716925.0,Active,P19784,CCOc1cc(-c2cc(=O)c3cc(C)ccc3o2)ccc1O,1
174525298,28811762.0,Active,P19784,Cc1cc(C)c2oc(-c3ccc(O)cc3)cc(=O)c2c1,1
174525300,28811769.0,Active,P19784,COc1cc(-c2cc(=O)c3c(C)cc(C)cc3o2)ccc1O,1
174489257,28283208.0,Active,P19784,Cc1cc(C)c2oc(-c3ccc(O)c([N+](=O)[O-])c3)cc(=O)c2c1,1
174499454,28811772.0,Active,P19784,Cc1cc(C)c2oc(-c3cccc(O)c3)cc(=O)c2c1,1
174499471,28283206.0,Active,P19784,Cc1cc(C)c2oc(-c3cc(Br)c(O)c(Br)c3)cc(=O)c2c1,1
174504707,52113921.0,Active,P19784,COc1cc(-c2cc(=O)c3c(C)c(Cl)c(C)cc3o2)ccc1O,1
174514987,28811777.0,Active,P19784,COc1cc(-c2cc(=O)c3ccc(C)cc3o2)ccc1O,1
174525299,28811781.0,Active,P19784,CCc1ccc2oc(-c3ccc(O)c(OC)c3)cc(=O)c2c1,1
174499435,72546233.0,Active,P19784,Cc1nnc(-c2cccc(-c3cnn4ccc(NCCN)nc34)c2)o1,1
194152613,135914522.0,Active,P19784,O=C1N=c2ncccc2=C1c1[nH]c2ncccc2c1O,1
194159649,76321032.0,Active,P19784,CC(=O)Nc1cc(Nc2cc(NC3CC3)n3ncc(C#N)c3n2)ccc1N(C)CCN(C)C,1
194159650,56946894.0,Active,P19784,CC(=O)Nc1cc(Nc2cc(NC3CC3)n3ncc(C#N)c3n2)ccc1N(C)CCN,1
194188146,45275255.0,Active,P19784,C[C@H](Nc1nc(Nc2cn(C)cn2)c2cc[nH]c2n1)c1ncc(F)cn1,1
312357766,101898596.0,Active,P19784,CCOC(=O)C1=C(C)N=c2sc(=Cc3ccc(O)c(O)c3)c(=O)n2C1c1ccc(Cl)cc1,1
312357767,118713735.0,Active,P19784,CCOC(=O)C1=C(C)N=c2sc(=Cc3cc(O)c(O)c(O)c3)c(=O)n2C1c1ccc(Cl)cc1,1
312388960,136961682.0,Active,P19784,O=c1[nH]n2c(=O)c3c([nH]c2c1N=Nc1ccccc1Cl)CCC3,1
312388962,135768541.0,Active,P19784,COc1ccc(-c2nc(=O)c3sc4nc(C(F)F)cc(C)c4c3[nH]2)cc1Cn1cc([N+](=O)[O-])cn1,1
242129775,676300.0,Active,P19784,O=c1cc(-c2ccc(O)cc2)oc2c1ccc1ccccc12,1
312388961,1794094.0,Active,P19784,COc1ccc(/C=C2\Oc3cc(OCC(=O)O)ccc3C2=O)cc1OC,1
312388963,1111920.0,Active,P19784,O=c1oc2ccc([N+](=O)[O-])cc2cc1-c1csc(Nc2ccccc2)n1,1
312388959,19585159.0,Active,P19784,Cc1nn(C)cc1-c1cc(-c2nnc(Nc3ccn(Cc4ccccc4Cl)n3)s2)no1,1
312388969,1335590.0,Active,P19784,COc1cccc(NC(=O)Nc2nnc(-c3ccc([N+](=O)[O-])cc3)s2)c1,1
104247864,16224058.0,Active,P19784,CC(C)Nc1ccc2cnn(-c3cncc(-n4ccc(CC(=O)O)c4)n3)c2c1,1
312388976,2191415.0,Active,P19784,O=C1OC(c2sc3ccccc3c2Cl)=N/C1=C/c1ccc(C(=O)O)cc1,1
312367131,66637000.0,Active,P19784,CC1CC(=O)c2c3c(n(CCc4ccccc4)c2C1)-c1ccccc1C3=O,1
312367138,118719584.0,Active,P19784,CC1CCc2c(c3c(n2C(C)C)-c2ccccc2C3=O)C1=O,1
136939095,24204512.0,Active,P19784,O=C1CCCc2c1c1c(n2CCCc2ccccc2)-c2ccccc2C1=O,1
312367133,101913606.0,Active,P19784,COc1ccccc1CCn1c2c(c3c1-c1ccccc1C3=O)C(=O)CCC2,1
312367134,118719581.0,Active,P19784,COc1cccc(CCn2c3c(c4c2-c2ccccc2C4=O)C(=O)CCC3)c1,1
136926067,24826109.0,Active,P19784,O=C1CCCc2c1c1c(n2CCc2ccccc2)-c2ccccc2C1=O,1
312367137,101913605.0,Active,P19784,CC(C)=CCOc1cccc2c1-c1c(c3c(n1C(C)C)CCCC3=O)C2=O,1
312367135,118719582.0,Active,P19784,COc1ccc(CCn2c3c(c4c2-c2ccccc2C4=O)C(=O)CCC3)cc1,1
136929262,24764502.0,Active,P19784,CC(C)n1c2c(c3c1-c1ccccc1C3=O)C(=O)CCC2,1
312367130,66636984.0,Active,P19784,CC1CC(=O)c2c3c(n(C(C)C)c2C1)-c1ccccc1C3=O,1
103202837,5281670.0,Active,P19784,O=c1c(O)c(-c2ccc(O)cc2O)oc2cc(O)cc(O)c12,1
103207220,5280445.0,Active,P19784,O=c1cc(-c2ccc(O)c(O)c2)oc2cc(O)cc(O)c12,1
103206920,5280863.0,Active,P19784,O=c1c(O)c(-c2ccc(O)cc2)oc2cc(O)cc(O)c12,1
318439964,71225357.0,Active,P19784,CC(=O)NC1CCC(NC(=O)c2cc(-c3ccncc3)n3ncnc(N)c23)CC1,1
318439989,71225340.0,Active,P19784,Nc1ncnn2c(-c3ccncc3)cc(C(=O)NCCc3ccccn3)c12,1
318439962,86766696.0,Active,P19784,CCOC(=O)NC1CCC(NC(=O)c2cc(-c3ccncc3)n3ncnc(N)c23)CC1,1
318439972,71225257.0,Active,P19784,COc1cc(-c2cc(C(=O)NC3CCC(C(=O)O)CC3)c3c(N)ncnn23)ccn1,1
318439977,86766698.0,Active,P19784,CC1CCN(C(=O)c2cc(-c3ccncc3)n3ncnc(N)c23)CC1,1
318439979,71225302.0,Active,P19784,COc1cc(-c2cc(C(=O)N3CCC(O)CC3)c3c(N)ncnn23)ccn1,1
318439963,71225514.0,Active,P19784,CNCCCNC(=O)c1cc(-c2ccncc2)n2ncnc(N)c12,1
318439967,71225330.0,Active,P19784,COc1cc(-c2cc(C(=O)NC3CCC(NC(=O)C4(CN)CC4)CC3)c3c(N)ncnn23)ccn1,1
318439970,71225068.0,Active,P19784,COc1cc(-c2cc(C(=O)NC3CCC(CO)CC3)c3c(N)ncnn23)ccn1,1
318439984,71225386.0,Active,P19784,NC(=O)c1cccc(-c2cc(C(=O)NC3CCC(O)CC3)c3c(N)ncnn23)c1,1
318439983,71225377.0,Active,P19784,COc1cc(-c2cc(C(=O)NC3CCC(O)CC3)c3c(N)ncnn23)ccc1C(N)=O,1
318439965,71225378.0,Active,P19784,Nc1ncnn2c(-c3ccncc3)cc(C(=O)NC3CCOCC3)c12,1
318439974,86766697.0,Active,P19784,CCN1CCCC1CNC(=O)C1CCC(NC(=O)c2cc(-c3ccnc(OC)c3)n3ncnc(N)c23)CC1,1
318439981,86766702.0,Active,P19784,CC(C)(C)N(CC1CCN(C(=O)c2cc(-c3ccncc3)n3ncnc(N)c23)CC1)C(=O)O,1
318439988,86766703.0,Active,P19784,CC(C)(C)OC(=O)NCCCCCNC(=O)c1cc(-c2ccncc2)n2ncnc(N)c12,1
318439980,86766700.0,Active,P19784,NCC1CCCN(C(=O)c2cc(-c3ccncc3)n3ncnc(N)c23)C1,1
318439982,71225122.0,Active,P19784,CN(CCCN)C(=O)c1cc(-c2ccncc2)n2ncnc(N)c12,1
318439960,68230695.0,Active,P19784,Nc1ncnn2c(-c3ccnc(F)c3)cc(C(=O)NC3CCC(O)CC3)c12,1
318439966,71225274.0,Active,P19784,COc1cc(-c2cc(C(=O)NC3CCC(NC(=O)CC(C)(C)O)CC3)c3c(N)ncnn23)ccn1,1
318439971,71225528.0,Active,P19784,COc1cc(-c2cc(C(=O)NCC3CCC(O)CC3)c3c(N)ncnn23)ccn1,1
318439975,71225007.0,Active,P19784,COc1cc(-c2cc(C(=O)NC3CCC(NC(=O)C(C)(C)CN4CCCC4)CC3)c3c(N)ncnn23)ccn1,1
318439968,71225284.0,Active,P19784,COc1cc(-c2cc(C(=O)N[C@@H]3CCCN(C(=O)C4(N)CC4)C3)c3c(N)ncnn23)ccn1,1
318439969,53390933.0,Active,P19784,COc1cc(-c2cc(C(=O)NC3CCC(NC(=O)C(C)(C)O)CC3)c3c(N)ncnn23)ccn1,1
318439986,71225374.0,Active,P19784,Nc1ncnn2c(-c3ccnc(CCO)c3)cc(C(=O)NC3CCC(N)CC3)c12,1
318439987,71225108.0,Active,P19784,Nc1ncnn2c(-c3ccncc3)cc(C(=O)NC3CCC(O)CC3)c12,1
318439985,71225395.0,Active,P19784,CC(C)Oc1cc(-c2cc(C(=O)NC3CCC(N)CC3)c3c(N)ncnn23)ccn1,1
318439961,68231238.0,Active,P19784,CCOC(=O)NC1CCC(NC(=O)c2cc(-c3ccnc(OC)c3)n3ncnc(N)c23)CC1,1
318439976,71225299.0,Active,P19784,COc1cc(-c2cc(C(=O)NC3CCC(OCC(C)(C)C)CC3)c3c(N)ncnn23)ccn1,1
318439978,86766699.0,Active,P19784,CC(C)(C)C(OC(N)=O)C1CCN(C(=O)c2cc(-c3ccncc3)n3ncnc(N)c23)C1,1
318439973,71225247.0,Active,P19784,COc1cc(-c2cc(C(=O)N[C@H]3CCOC3)c3c(N)ncnn23)ccn1,1
318457928,89919353.0,Active,P19784,N#Cc1cc(Nc2nc(NC3CC3)c3ncc(C#N)n3n2)c(Cl)c(C2CCN(C3CC(CO)(CO)C3)CC2)c1,1
318457958,86708649.0,Active,P19784,C=Cc1cc(C#N)cc(Nc2nc(NC3CC3)c3ncc(C#N)n3n2)c1Cl,1
318457923,72948682.0,Active,P19784,N#Cc1cc(Nc2nc(NC3CC3)c3ncc(C#N)n3n2)c(Cl)c(N2CC[C@@H](NC(=O)OC3COC3)[C@H](O)C2)c1,1
318457948,91799569.0,Active,P19784,[C-]#[N+]c1cnc2c(NCC)nc(Nc3cc(C#N)cc(C4CCNCC4)c3Cl)nn12,1
318457957,89931478.0,Active,P19784,CCNc1nc(Nc2ccc3c(c2)c(C#N)nn3C2CCN(C3COC3)CC2)nn2c(C#N)cnc12,1
318457921,89931358.0,Active,P19784,COC(=O)N[C@H]1CCN(c2cc(C#N)cc(Nc3nc(NC4CC4)c4ncc(C#N)n4n3)c2Cl)C[C@@H]1O,1
318457939,89919189.0,Active,P19784,N#Cc1cnc2c(NC3CC3)nc(Nc3cc(C(F)F)cc(N4CCC(C5COC5)CC4)c3Cl)nn12,1
318457964,86708678.0,Active,P19784,CN1C(C)(C)CC(Oc2cc(F)c(C#N)cc2Nc2nc(NC3CC3)c3ncc(C#N)n3n2)CC1(C)C,1
318457901,89920233.0,Active,P19784,N#Cc1cc(Nc2nc(NC3CC3)c3ncc(C#N)n3n2)c(Cl)c(NN2CCOCC2)c1,1
318457916,72948502.0,Active,P19784,CS(=O)(=O)C1CCN(C2CN(c3cc(C#N)cc(Nc4nc(NC5CC5)c5ncc(C#N)n5n4)c3Cl)C2)C1,1
318457918,89931338.0,Active,P19784,COC(=O)N[C@@H]1CN(C2CN(c3cc(C#N)cc(Nc4nc(NC5CC5)c5ncc(C#N)n5n4)c3Cl)C2)C[C@H]1C,1
318457935,89919661.0,Active,P19784,CN1CC(CN2CCN(c3cc(C(F)F)cc(Nc4nc(NC5CC5)c5ncc(C#N)n5n4)c3Cl)CC2)C1,1
318457902,72948499.0,Active,P19784,N#Cc1cc(Nc2nc(NC3CC3)c3ncc(C#N)n3n2)c(Cl)c(N2CCN(C3CCOC3)CC2)c1,1
318457967,89919660.0,Active,P19784,CCNc1nc(Nc2cc(C#N)cc(N3CCN(CC(F)F)CC3)c2Cl)nn2c(C#N)cnc12,1
318457905,89920658.0,Active,P19784,CS(=O)(=O)CCN1CCN(c2cc(C#N)cc(Nc3nc(NC4CC4)c4ncc(C#N)n4n3)c2Cl)CC1,1
318457907,89920295.0,Active,P19784,CC(C)NC1CCN(c2cc(C#N)cc(Nc3nc(NC4CC4)c4ncc(C#N)n4n3)c2Cl)CC1,1
318457932,72948862.0,Active,P19784,COC(=O)N[C@H]1CN(c2cc(C(F)F)cc(Nc3nc(NC4CC4)c4ncc(C#N)n4n3)c2Cl)C[C@H]1OC,1
318457937,89931415.0,Active,P19784,N#Cc1cnc2c(NC3CC3)nc(Nc3cc(C(F)F)cc(N4CCN(C5(CS(=O)(=O)c6ccccc6)COC5)CC4)c3Cl)nn12,1
318457962,89920357.0,Active,P19784,CN1C(C)(C)CC(Oc2cc(F)c(Nc3nc(NC4CC4)c4ncc(C#N)n4n3)cc2C#N)CC1(C)C,1
318457966,72948866.0,Active,P19784,N#Cc1cc(Nc2nc(NC3CC3)c3ncc(C#N)n3n2)c(OC2CCNCC2)cc1F,1
318457922,89931356.0,Active,P19784,COCCOC(=O)N[C@@H]1CCN(c2cc(C#N)cc(Nc3nc(NC4CC4)c4ncc(C#N)n4n3)c2Cl)C[C@H]1O,1
318457947,91799568.0,Active,P19784,[C-]#[N+]c1cnc2c(NC3CC3)nc(Nc3cccc(C#N)n3)nn12,1
318457949,91799570.0,Active,P19784,[C-]#[N+]c1cnc2c(NCC)nc(Nc3cc(C#N)cc(N4CCC(NC[C@@H](C)O)CC4)c3Cl)nn12,1
318457956,89931477.0,Active,P19784,CCNc1nc(Nc2ccc3c(c2)c(C#N)nn3C2CCN(C[C@@H](C)O)CC2)nn2c(C#N)cnc12,1
318457903,89920183.0,Active,P19784,C[C@@H](O)CN1CCN(c2cc(C#N)cc(Nc3nc(NC4CC4)c4ncc(C#N)n4n3)c2Cl)CC1,1
318457950,86708620.0,Active,P19784,CCNc1nc(Nc2cc(C#N)cc(N3CC[C@@H]4[C@@H](C3)OCCN4C3COC3)c2Cl)nn2c(C#N)cnc12,1
318457952,91799572.0,Active,P19784,[C-]#[N+]c1cnc2c(NCC)nc(Nc3cc(C(F)F)cc(N4CCN(C5COC5)CC4)c3Cl)nn12,1
318457968,91799575.0,Active,P19784,[C-]#[N+]c1cnc2c(NC3CC3)nc(Nc3nc(C#N)ncc3Cl)nn12,1
318457913,89920487.0,Active,P19784,COCCNC1CCN(c2cc(C#N)cc(Nc3nc(NC4CC4)c4ncc(C#N)n4n3)c2Cl)CC1,1
318457938,72948864.0,Active,P19784,CC1(N2CCN(c3cc(C(F)F)cc(Nc4nc(NC5CC5)c5ncc(C#N)n5n4)c3Cl)CC2)COC1,1
318457899,89919708.0,Active,P19784,N#Cc1cc(Nc2nc(NC3CC3)c3ncc(C#N)n3n2)c(Cl)c(N2CCC(O)C2)c1,1
318457929,89919834.0,Active,P19784,N#Cc1cc(Nc2nc(NC3CC3)c3ncc(C#N)n3n2)c(Cl)c(C2CCN(CCC(F)(F)F)CC2)c1,1
318457963,89920433.0,Active,P19784,CC1(C)CC(Oc2cc(F)c(Nc3nc(NC4CC4)c4ncc(C#N)n4n3)cc2C#N)CC(C)(C)N1,1
318457908,91799563.0,Active,P19784,N#Cc1cc(Nc2nc(NC3CC3)c3ncc(C#N)n3n2)c(Cl)c(N2CCC(NC3CCS(=O)(=O)C3)CC2)c1,1
318457925,89931368.0,Active,P19784,COC(=O)N[C@@H]1CCN(c2cc(C#N)cc(Nc3nc(NC4CC4)c4ncc(C#N)n4n3)c2Cl)C[C@H]1OC,1
318457942,91799564.0,Active,P19784,[C-]#[N+]c1cnc2c(NC3CC3)nc(Nc3cc(C#N)cc(N4CCN(C5COC5)CC(F)C4)c3Cl)nn12,1
318457945,91799566.0,Active,P19784,[C-]#[N+]c1cnc2c(NCC)nc(Nc3cc(C#N)cc(N4CC[C@@H](NC(=O)OC)[C@H](O)C4)c3Cl)nn12,1
318457900,72948498.0,Active,P19784,CN1CC2(C1)CN(c1cc(C#N)cc(Nc3nc(NC4CC4)c4ncc(C#N)n4n3)c1Cl)C2,1
318457919,89920155.0,Active,P19784,N#Cc1cc(Nc2nc(NC3CC3)c3ncc(C#N)n3n2)c(Cl)c(N2CC(N3CC(O)C3)C2)c1,1
318457934,89919821.0,Active,P19784,COC1CN(C2CN(c3cc(C(F)F)cc(Nc4nc(NC5CC5)c5ncc(C#N)n5n4)c3Cl)C2)C1,1
318457936,89920395.0,Active,P19784,N#Cc1cnc2c(NC3CC3)nc(Nc3cc(C(F)F)cc(N4CCN(C5(C#N)COC5)CC4)c3Cl)nn12,1
318457951,91799571.0,Active,P19784,[C-]#[N+]c1cnc2c(NC3CC3)nc(Nc3cc(C#N)cc(N4CC(N5CCN(C)CC5)C4)c3F)nn12,1
318457910,89920305.0,Active,P19784,N#Cc1cc(Nc2nc(NC3CC3)c3ncc(C#N)n3n2)c(Cl)c(N2CCC(NCC(F)(F)F)CC2)c1,1
318457926,72948683.0,Active,P19784,CN1CC=C(c2cc(C#N)cc(Nc3nc(NC4CC4)c4ncc(C#N)n4n3)c2Cl)CC1,1
318457941,89931422.0,Active,P19784,COC(=O)N[C@@H]1CCN(c2cc(C#N)cc(Nc3nc(NC4CC4)c4ncc(C#N)n4n3)c2Cl)C[C@@H]1F,1
318457944,86708576.0,Active,P19784,CC(=O)N1CC(N2CCC(c3cc(C#N)cc(Nc4nc(NC5CC5)c5ncc(C#N)n5n4)c3Cl)CC2)C1,1
318457959,89920407.0,Active,P19784,N#Cc1cc(CO)c(Cl)c(Nc2nc(NC3CC3)c3ncc(C#N)n3n2)c1,1
318457960,72948865.0,Active,P19784,CCNc1nc(Nc2cc(C#N)cc(N3CCN(C4COC4)CC3)c2Cl)nn2c(C#N)cnc12,1
318457898,89919749.0,Active,P19784,Cn1nc(C#N)c2cc(Nc3nc(NC4CC4)c4ncc(C#N)n4n3)ccc21,1
318457914,89919927.0,Active,P19784,N#Cc1cc(Nc2nc(NC3CC3)c3ncc(C#N)n3n2)c(Cl)c(N2CCC(NC3CC(O)C3)CC2)c1,1
318457909,89919895.0,Active,P19784,N#Cc1cc(Nc2nc(NC3CC3)c3ncc(C#N)n3n2)c(Cl)c(N2CCC(NC3CC(C#N)C3)CC2)c1,1
318457911,72948501.0,Active,P19784,N#Cc1cc(Nc2nc(NC3CC3)c3ncc(C#N)n3n2)c(Cl)c(N2CCC(NCC(F)F)CC2)c1,1
318457961,89919169.0,Active,P19784,N#Cc1cc(Nc2nc(NC3CC3)c3ncc(C#N)n3n2)c(Cl)c(NC2CCN(C3COC3)CC2)c1,1
318457906,91799562.0,Active,P19784,[C-]#[N+]c1cnc2c(NC3CC3)nc(Nc3cc(C#N)cc(N4CCC(NC5CC(F)(F)C5)CC4)c3Cl)nn12,1
318457924,89922623.0,Active,P19784,CN1CCN(CC(=O)N[C@@H]2CCN(c3cc(C#N)cc(Nc4nc(NC5CC5)c5ncc(C#N)n5n4)c3Cl)C[C@H]2O)CC1,1
318457940,89931420.0,Active,P19784,COC(=O)N[C@@H]1CCN(c2cc(C#N)cc(Nc3nc(NC4CC4)c4ncc(C#N)n4n3)c2Cl)C[C@H]1OP(=O)(O)O,1
318457954,91799574.0,Active,P19784,[C-]#[N+]c1cnc2c(Nc3nc(C)n(C)n3)nc(Nc3ccc4c(c3)c(C#N)nn4C[C@@H](C)O)nn12,1
318457904,89919547.0,Active,P19784,COC(=O)N1CCC(N2CCN(c3cc(C#N)cc(Nc4nc(NC5CC5)c5ncc(C#N)n5n4)c3Cl)CC2)CC1,1
318457915,89931318.0,Active,P19784,COC(=O)N[C@@H]1CN(C2CCN(c3cc(C#N)cc(Nc4nc(NC5CC5)c5ncc(C#N)n5n4)c3Cl)CC2)C[C@@H]1C,1
318457931,89918768.0,Active,P19784,N#Cc1cc(Nc2nc(NC3CC3)c3ncc(C#N)n3n2)c(Cl)c(C2CCN(C(=O)OC3COC3)CC2)c1,1
318457965,89919205.0,Active,P19784,CN1C(C)(C)CC(Oc2cc(OC3CC(C)(C)N(C)C(C)(C)C3)c(Nc3nc(NC4CC4)c4ncc(C#N)n4n3)cc2C#N)CC1(C)C,1
318457927,72948684.0,Active,P19784,CC(C)(C)[Si](C)(C)O[C@@H]1CC(N2CCC(c3cc(C#N)cc(Nc4nc(NC5CC5)c5ncc(C#N)n5n4)c3Cl)CC2)CC[C@H]1N,1
318457943,91799565.0,Active,P19784,[C-]#[N+]c1cnc2c(NC3CC3)nc(Nc3cc(C#N)cc(N4CCN(C5COC5)C(C(=O)N5CCOCC5)C4)c3Cl)nn12,1
318457912,89919582.0,Active,P19784,N#Cc1cc(Nc2nc(NC3CC3)c3ncc(C#N)n3n2)c(Cl)c(N2CCC(N(CC3CC3)CC3CC3)CC2)c1,1
318457930,72948685.0,Active,P19784,CC(=O)N1CCC(c2cc(C#N)cc(Nc3nc(NC4CC4)c4ncc(C#N)n4n3)c2Cl)CC1,1
318457946,91799567.0,Active,P19784,[C-]#[N+]c1cnc2c(NCC)nc(Nc3cc(C#N)cc(N4CC[C@H](NC(=O)OC)[C@@H](O)C4)c3Cl)nn12,1
318457955,89931476.0,Active,P19784,CCNc1nc(Nc2ccc3c(c2)c(C#N)nn3C2CCN(C[C@H](C)O)CC2)nn2c(C#N)cnc12,1
318457917,89920217.0,Active,P19784,COC1CCN(C2CN(c3cc(C#N)cc(Nc4nc(NC5CC5)c5ncc(C#N)n5n4)c3Cl)C2)C1,1
318457920,72948681.0,Active,P19784,COC(=O)N[C@@H]1CCN(c2cc(C#N)cc(Nc3nc(NC4CC4)c4ncc(C#N)n4n3)c2Cl)C[C@H]1O,1
318457933,72948863.0,Active,P19784,CN1CC(N2CCN(c3cc(C(F)F)cc(Nc4nc(NC5CC5)c5ncc(C#N)n5n4)c3Cl)CC2)C1,1
318457953,91799573.0,Active,P19784,[C-]#[N+]c1cnc2c(Nc3nc(C)n(C)n3)nc(Nc3ccc4c(c3)c(C#N)nn4C)nn12,1
336866095,127025500.0,Active,P19784,COc1ccc(C(=O)Nc2ncc(-c3ccc(C(=O)O)cc3COc3ccccc3)s2)cc1,1
336866970,127026098.0,Active,P19784,COc1ccc(C(=O)Nc2ncc(-c3ccc(C(=O)O)cc3OCc3ccccc3Br)s2)cc1,1
336866968,127026096.0,Active,P19784,COc1ccc(C(=O)Nc2ncc(-c3ccc(C(=O)O)cc3OCc3cccc(Cl)c3)s2)cc1,1
336866094,127025499.0,Active,P19784,COc1ccc(C(=O)Nc2ncc(-c3ccc(C(=O)O)cc3OCc3ccccc3)s2)cc1,1
336865636,127025200.0,Active,P19784,COc1ccc(C(=O)Nc2ncc(-c3ccc(C(=O)O)cn3)s2)cc1,1
336865637,127025201.0,Active,P19784,COc1ccc(C(=O)Nc2ncc(-c3ccc(C(=O)O)c4ccccc34)s2)cc1,1
336871874,127029513.0,Active,P19784,COc1ccc(C(=O)Nc2ncc(-c3ccc(C(=O)O)cc3OCc3ccccc3F)s2)cc1,1
336866966,127026094.0,Active,P19784,COc1ccc(C(=O)Nc2ncc(-c3ccc(C(=O)O)cc3OCCc3ccccc3)s2)cc1,1
336866969,127026097.0,Active,P19784,COc1ccc(C(=O)Nc2ncc(-c3ccc(C(=O)O)cc3OCc3ccc(Cl)cc3)s2)cc1,1
336865638,127025202.0,Active,P19784,COc1ccc(C(=O)Nc2ncc(-c3ccc(C(=O)O)cc3Oc3ccccc3)s2)cc1,1
336865635,127025199.0,Active,P19784,COc1ccc(C(=O)Nc2ncc(-c3ccc(C(=O)O)nc3)s2)cc1,1
336866967,127026095.0,Active,P19784,COc1ccc(C(=O)Nc2ncc(-c3ccc(C(=O)O)cc3OCc3ccccc3Cl)s2)cc1,1
336869178,127027657.0,Active,P19784,COc1ccc(C(=O)Nc2ncc(-c3ccc(C(=O)O)nn3)s2)cc1,1
336867845,127026728.0,Active,P19784,COc1ccc(C(=O)Nc2ncc(-c3ccc(C(=O)O)cc3OCc3ccccc3C#N)s2)cc1,1
336867844,127026727.0,Active,P19784,COc1ccc(C(=O)Nc2ncc(-c3ccc(C(=O)O)cc3OCc3ccccc3OC)s2)cc1,1
336867846,127026729.0,Active,P19784,COc1ccc(C(=O)Nc2ncc(-c3ccc(C(=O)O)cc3OCc3ccccn3)s2)cc1,1
336874735,127031435.0,Active,P19784,O=C1NC(=S)S/C1=C\c1ccc2ncsc2c1,1
336878260,11666231.0,Active,P19784,O=C1NC(=S)S/C1=C\c1ccc2ncccc2c1,1
103703191,5289247.0,Active,P19784,O=C1NC(=O)/C(=C/c2ccc3nccnc3c2)S1,1
336875661,127032024.0,Active,P19784,O=C1NC(=S)N=C1Cc1ccc2ncsc2c1,1
336878705,1241605.0,Active,P19784,COc1ccc(/C=C2/SC(=S)NC2=O)cc1,1
336878289,47298428.0,Active,P19784,O=C1NC(=S)S/C1=C\c1ccc2c(c1)CCO2,1
336873359,19079253.0,Active,P19784,COc1ccc(CC2=NC(=O)SC2=O)cc1,1
336876205,127032389.0,Active,P19784,S=C1NC2C(I)=C(I)C(I)=C(I)C2N1,1
103720344,44263439.0,Active,P19784,FC(F)(F)c1nc2c(I)c(I)c(I)c(I)c2[nH]1,1
242436980,709210.0,Active,P19784,O=C(O)c1cccc(Nc2ncnc3scc(-c4ccccc4)c23)c1,1
312381531,1189381.0,Active,P19784,Cc1ccc(-c2csc3ncnc(Nc4cccc(C(=O)O)c4)c23)cc1,1
336871785,21010424.0,Active,P19784,Cc1sc2ncnc(Nc3cccc(C(=O)O)c3)c2c1-c1ccccc1,1
103198778,5004.0,Active,P19784,O=C1C=CC(=O)c2c1c(O)c1ccc(O)c(O)c1c2O,1
336870448,1191479.0,Active,P19784,O=C(O)c1ccc(Nc2ncnc3scc(-c4ccc(Cl)cc4)c23)cc1,1
336874853,1191481.0,Active,P19784,Cc1nc(Nc2cccc(C(=O)O)c2)c2cc(-c3ccccc3)sc2n1,1
336870447,702824.0,Active,P19784,Cc1sc2ncnc(Nc3cccc(C(=O)O)c3)c2c1C,1
242260132,709208.0,Active,P19784,O=C(O)c1ccc(Nc2ncnc3scc(-c4ccccc4)c23)cc1,1
336872587,731316.0,Active,P19784,O=C(O)CCNc1ncnc2sc3c(c12)CCCC3,1
336871786,21011787.0,Active,P19784,Cc1sc2ncnc(Nc3ccc(O)c(C(=O)O)c3)c2c1-c1ccccc1,1
336871784,1193254.0,Active,P19784,Cc1sc2ncnc(Nc3ccc(C(=O)O)cc3)c2c1-c1ccccc1,1
336874873,693084.0,Active,P19784,O=C(O)c1cccc(Nc2ncnc3sc(-c4ccccc4)cc23)c1,1
242312646,1189380.0,Active,P19784,Cc1ccc(-c2csc3ncnc(Nc4ccc(C(=O)O)cc4)c23)cc1,1
242273393,1179824.0,Active,P19784,CCOC(=O)c1sc2ncnc(Nc3cccc(C(=O)O)c3)c2c1C,1
336908156,3555771.0,Active,P19784,CC(C(=O)O)N1C(=O)c2c(I)c(I)c(I)c(I)c2C1=O,1
374297013,12793952.0,Active,P19784,Cc1ccc(N=CC2C(=O)CCc3c2oc2c(Cl)c(Cl)c(O)cc32)cc1,1
374318396,342396.0,Active,P19784,COc1ccc(N=Cc2c(O)ccc3c2oc2cc(Cl)c(O)c(Cl)c23)cc1,1
242509662,3000647.0,Active,P19784,COc1ccc(N=CC2C(=O)CCc3c2oc2cc(Cl)c(O)c(Cl)c32)cc1,1
336893883,127043251.0,Active,P19784,CC(=O)Nc1cc(Nc2cc(NC3CC3)n3ncc(C#N)c3n2)ccc1N(C)C[C@H](C)N,1
174487371,72163809.0,Active,P19784,CC(=O)Nc1cc(Nc2cc(NC3CC3)n3ncc(C#N)c3n2)ccc1C,1
336897341,127045533.0,Active,P19784,CC(=O)Nc1cc(Nc2cc(NC3CC3)n3ncc(C#N)c3n2)ccc1N(C)CCN1CCOCC1,1
336897357,127045543.0,Active,P19784,CC(=O)Nc1cc(Nc2cc(NC3CC3)n3ncc(C#N)c3n2)ccc1N1CC[C@H](N)C1,1
336897358,127045544.0,Active,P19784,CC(=O)Nc1cc(Nc2cc(NC3CC3)n3ncc(C#N)c3n2)ccc1N1CC[C@@H](N)C1,1
336897340,127045532.0,Active,P19784,CCN(CC)CCN(C)c1ccc(Nc2cc(NC3CC3)n3ncc(C#N)c3n2)cc1NC(C)=O,1
336897356,127045542.0,Active,P19784,CC(=O)Nc1cc(Nc2cc(NC3CC3)n3ncc(C#N)c3n2)ccc1N1CCC[C@@H](N(C)C)C1,1
336893626,127043056.0,Active,P19784,CC(=O)Nc1cc(Nc2cc(NC3CC3)n3ncc(C#N)c3n2)ccc1N(C)C[C@@H](C)N,1
336897351,127045538.0,Active,P19784,CC(=O)Nc1cc(Nc2cc(NC3CC3)n3ncc(C#N)c3n2)ccc1N1CC[C@H](N(C)C)C1,1
336893624,127043054.0,Active,P19784,CC(=O)Nc1cc(Nc2cc(NC3CC3)n3ncc(C#N)c3n2)ccc1N1CCC[C@H](N)C1,1
336893625,127043055.0,Active,P19784,CC(=O)Nc1cc(Nc2cc(NC3CC3)n3ncc(C#N)c3n2)ccc1N1CCC[C@@H](N)C1,1
336897339,127045531.0,Active,P19784,CC(=O)Nc1cc(Nc2cc(NC3CC3)n3ncc(C#N)c3n2)ccc1N1CCN(C)CC1,1
336897101,127045382.0,Active,P19784,CC(=O)Nc1cccc(Nc2cc(NC3CC3)n3ncc(C#N)c3n2)c1,1
336897347,127045534.0,Active,P19784,CC(=O)Nc1cc(Nc2cc(NC3CC3)n3ncc(C#N)c3n2)ccc1N(C)CCN1CC(F)(F)C1,1
336896981,127045305.0,Active,P19784,O=c1cc(C(F)(F)F)c2ccc(O)c(Cl)c2o1,1
103576710,16760346.0,Active,P19784,O=C(O)/C=C/c1cc(Br)c(Br)c(Br)c1Br,1
404714307,145991479.0,Active,P19784,CCCCCCCCCCCc1c(O)c(O)c2c(-c3ccc(Cl)cc3)c(C#N)c(=N)oc2c1O,1
103461613,5330286.0,Active,P19784,CC(=O)c1c(C)c2cnc(Nc3ccc(N4CCNCC4)cn3)nc2n(C2CCCC2)c1=O,1
103502389,16007391.0,Active,P19784,CCN(CCO)CCCOc1ccc2c(Nc3cc(CC(=O)Nc4cccc(F)c4)[nH]n3)ncnc2c1,1
104234154,5287969.0,Active,P19784,CN1CC[C@H](c2c(O)cc(O)c3c(=O)cc(-c4ccccc4Cl)oc23)[C@H](O)C1,1
103685839,16718576.0,Active,P19784,CNC(=O)c1nn(C)c2c1C(C)(C)Cc1cnc(Nc3ccc(N4CCN(C)CC4)cc3)nc1-2,1
194153747,135398516.0,Active,P19784,COc1cccc2cc(-c3nc(C4CCC(C(=O)O)CC4)n4ncnc(N)c34)[nH]c12,1
242405914,10430360.0,Active,P19784,c1cc(OCCN2CCCCC2)cc(-c2[nH]nc3ccc(-c4nc[nH]n4)cc23)c1,1
312467935,59757974.0,Active,P19784,CC(C)c1cc(CNc2nc(Nc3cc(C4CC4)[nH]n3)cc(N3CCN(C)CC3)n2)on1,1
312467987,135984730.0,Active,P19784,Cn1cc(-c2[nH]c3cc(NC(=O)C(N)C4CCCCC4)cc4c3c2C=NNC4=O)cn1,1
104247312,16659841.0,Active,P19784,Cc1cc(Nc2nc(N[C@@H](C)c3ncc(F)cn3)ncc2Cl)[nH]n1,1
174522081,46239015.0,Active,P19784,Cn1cc(-c2cnn3c(N)c(Br)c([C@@H]4CCCNC4)nc23)cn1,1
103175695,5329099.0,Active,P19784,C=c1c(CCC(=O)O)c(C)[nH]c1=Cc1c(O)[nH]c2ccccc12,1
103565670,11712649.0,Active,P19784,O=C(O)c1ccc(Nc2ncc3c(n2)-c2ccc(Cl)cc2C(c2c(F)cccc2F)=NC3)cc1,1
160706048,11152667.0,Active,P19784,NC(=O)Nc1cc(-c2cccc(F)c2)sc1C(=O)N[C@H]1CCCNC1,1
312467816,23582824.0,Active,P19784,O=C1NC(=O)/C(=C/c2ccc3nccc(-c4ccncc4)c3c2)S1,1
312467933,11285002.0,Active,P19784,COCCN1CCN(Cc2ccc(-c3[nH]nc4c3C(=O)c3c(NC(=O)NN5CCOCC5)cccc3-4)cc2)CC1,1
318447178,135398499.0,Active,P19784,CC(=O)c1cnc2ccc(-c3cc(Cl)c(O)c(Cl)c3)nc2c1NC1CCC(CN(C)C)CC1,1
103245522,5291.0,Active,P19784,Cc1ccc(NC(=O)c2ccc(CN3CCN(C)CC3)cc2)cc1Nc1nccc(-c2cccnc2)n1,1
103652037,6420138.0,Active,P19784,Cc1nc(N)sc1-c1ccnc(Nc2ccc(N3CCOCC3)cc2)n1,1
312467794,136662663.0,Active,P19784,O=c1[nH]c(C2CCCN2)nc2c1oc1ccc(Cl)cc12,1
312468178,57990770.0,Active,P19784,O=C(Nc1ccc(-c2ccnc(Nc3ccc(N4CCOCC4)cc3)n2)cc1)C1CCCN1,1
103751467,24993189.0,Active,P19784,COc1ccc(N2CCN(C)CC2)cc1Nc1ncc2c(n1)-c1c(c(C(N)=O)nn1C)CC2,1
136923474,16739650.0,Active,P19784,CN1C/C=C/CCOc2cccc(c2)-c2ccnc(n2)Nc2cccc(c2)C1,1
242651822,49803313.0,Active,P19784,CCc1nc(C(N)=O)c(Nc2ccc(N3CCC(N4CCN(C)CC4)CC3)c(OC)c2)nc1NC1CCOCC1,1
194175385,25117126.0,Active,P19784,CNC(=O)c1ccc(Nc2ncc(C(F)(F)F)c(NCc3nccnc3N(C)S(C)(=O)=O)n2)cc1,1
242514641,24856436.0,Active,P19784,C=CCn1c(=O)c2cnc(Nc3ccc(N4CCN(C)CC4)cc3)nc2n1-c1cccc(C(C)(C)O)n1,1
103589138,16747683.0,Active,P19784,Cc1ncc(-c2ccnc(Nc3ccc(S(C)(=O)=O)cc3)n2)n1C(C)C,1
103627919,135398495.0,Active,P19784,O=C(Nc1c[nH]nc1-c1nc2cc(CN3CCOCC3)ccc2[nH]1)NC1CC1,1
103651972,24771867.0,Active,P19784,COc1cc(Nc2ncc3c(n2)-c2ccc(Cl)cc2C(c2c(F)cccc2OC)=NC3)ccc1C(=O)O,1
103652038,16041424.0,Active,P19784,Cc1cc(Nc2cc(N3CCN(C)CC3)nc(/C=C/c3ccccc3)n2)[nH]n1,1
312468246,11349170.0,Active,P19784,COc1cccc(Nc2ncnn3ccc(CN4CC[C@@H](N)[C@H](O)C4)c23)c1,1
160701269,58423153.0,Active,P19784,N[C@@H]1CCCN(c2c(/C=C3\SC(=O)NC3=O)cccc2-c2ccccc2)C1,1
103756518,11713159.0,Active,P19784,CN(c1ncccc1CNc1nc(Nc2ccc3[nH]c(O)cc3c2)ncc1C(F)(F)F)S(C)(=O)=O,1
103502395,11497983.0,Active,P19784,CCN(CCCOc1ccc2c(Nc3cc(CC(=O)Nc4cccc(F)c4)[nH]n3)ncnc2c1)CCOP(=O)(O)O,1
104250512,25033539.0,Active,P19784,COc1ccc(-c2cc3c(C)nc(N)nc3n(C3CCC(OCCO)CC3)c2=O)cn1,1
103700837,9810884.0,Active,P19784,C[C@@H](N)c1ccc(C(=O)Nc2ccnc3[nH]ccc23)cc1,1
160678787,46216796.0,Active,P19784,C1=C/COCc2cc(ccc2OCCN2CCCC2)Nc2nccc(n2)-c2cccc(c2)COC/1,1
136932440,24795070.0,Active,P19784,CN1CCC(CNc2ccc3ncc(-c4cccc(OC(F)(F)F)c4)n3n2)CC1,1
242651810,46220502.0,Active,P19784,CCN1CCN(Cc2ccc(Nc3ncc(F)c(-c4cc(F)c5nc(C)n(C(C)C)c5c4)n3)nc2)CC1,1
124963590,10127622.0,Active,P19784,Cn1cnc2c(F)c(Nc3ccc(Br)cc3Cl)c(C(=O)NOCCO)cc21,1
174525691,59422203.0,Active,P19784,CC[C@@](C)(Nc1ccnc(-c2c[nH]c3ncccc23)n1)C(=O)NCC(F)(F)F,1
242521328,49830590.0,Active,P19784,CC(=O)NCC(=O)N1C2CCC1c1cc(Nc3ncc(C(F)(F)F)c(NC4CCC4)n3)ccc12,1
242613214,11978790.0,Active,P19784,COc1ccc(-c2ccc3ncc4c(c3c2)n(-c2ccc(N3CCNCC3)c(C(F)(F)F)c2)c(=O)n4C)cn1,1
103743167,25062766.0,Active,P19784,N#CCNC(=O)c1ccc(-c2ccnc(Nc3ccc(N4CCOCC4)cc3)n2)cc1,1
312467782,16124208.0,Active,P19784,CCS(=O)(=O)c1cccc(-c2cc(C(=O)NC3CCN(C)CC3)c(C)c3[nH]c4ncc(C)cc4c23)c1,1
381834807,56960607.0,Active,P19784,CCS(=O)(=O)N1CCN(c2ccc(Nc3ncc(C(N)=O)c(NC4CC4)n3)cc2)CC1,1
440161920,122703613.0,Active,P19784,CC(C)(C)C(=O)N1N=CC[C@H]1c1ccccc1,1
440160507,7328982.0,Active,P19784,O=C(O)c1ccc(Nc2nc(-c3ccc4ccccc4c3)cs2)cc1O,1
103180236,5281607.0,Active,P19784,O=c1cc(-c2ccccc2)oc2cc(O)cc(O)c12,1
103167026,5281605.0,Active,P19784,O=c1cc(-c2ccccc2)oc2cc(O)c(O)c(O)c12,1
440134496,139593287.0,Active,P19784,O=C(O)c1ccc(Nc2nc(-c3cccc(Br)c3)cs2)cc1,1
103320975,6918454.0,Active,P19784,O=C(NOCC1CC1)c1ccc(F)c(F)c1Nc1ccc(I)cc1Cl,1
440181072,155550182.0,Active,P19784,Nc1ccc(C=C2C(=O)c3ccc(C(=O)O)cc3C2=O)cc1,1
440211628,155562302.0,Active,P19784,CNc1ccc(C=C2C(=O)c3ccc(C(=O)O)cc3C2=O)cc1,1
440186189,155552233.0,Active,P19784,O=C(O)c1ccc2c(c1)C(=O)/C(=C\c1cc(O)cc(O)c1)C2=O,1
440221950,155566389.0,Active,P19784,O=C(O)c1ccc2c(c1)C(=O)C(=Cc1ccc(O)cc1)C2=O,1
103204653,5281707.0,Active,P19784,O=c1oc2cc(O)ccc2c2oc3cc(O)ccc3c12,1
103517988,10154.0,Active,P19784,COc1cc2c(cc1O)C[C@H]1c3c(cc(O)c(OC)c3-2)CCN1C,1
442064496,156022198.0,Active,P19784,O=C(O)c1ccc2c(c1)nc(NCCCCCCCC(O)=NO)c1ccncc12,1
442061038,156019835.0,Active,P19784,O=C(O)c1ccc2c(c1)nc(NCCCCCCC(O)=NO)c1ccncc12,1
442049846,156011998.0,Active,P19784,O=C(O)c1ccc2c(c1)nc(NCCCCCC(O)=NO)c1ccncc12,1
442049896,156012029.0,Active,P19784,O=C(O)c1ccc2c(c1)nc(NCCCCCCCCC(O)=NO)c1ccncc12,1
442062927,704421.0,Active,P19784,O=C(O)c1cccc(Nc2nc(-c3ccccn3)cs2)c1,1
442053427,2212684.0,Active,P19784,O=C(O)c1ccc(Nc2nc(-c3ccc(Cl)cc3)cs2)cc1O,1
461556841,146672969.0,Active,P19784,CC(C)(C)OC(=O)N(CCOCCO)c1ccn2ncc(-c3ccc(C(=O)O)c(O)c3)c2n1,1
461533762,162656503.0,Active,P19784,CC(C)(C)OC(=O)N1CCOCCOc2cc(ccc2C(=O)O)-c2cnn3ccc1nc23,1
469815504,156861583.0,Active,P19784,O=C(OCCOCCOCCO)c1ccc2c(c1)nc(Nc1cccc(Cl)c1)c1ccncc12,1
469799202,156861575.0,Active,P19784,O=C(NCC(F)F)c1ccc2c(c1)nc(Nc1cccc(Cl)c1)c1ccncc12,1
469806274,156861573.0,Active,P19784,O=C(O)CCCNC(=O)c1ccc2c(c1)nc(Nc1cccc(Cl)c1)c1ccncc12,1
469804211,156861574.0,Active,P19784,ON=C(O)c1ccc2c(c1)nc(Nc1cccc(Cl)c1)c1ccncc12,1
469806133,156621381.0,Active,P19784,O=C(NCCO)c1ccc2c(c1)nc(Nc1cccc(Cl)c1)c1ccncc12,1
469816904,57876932.0,Active,P19784,O=C(NCCN1CCOCC1)c1ccc2c(c1)nc(Nc1cccc(Cl)c1)c1ccncc12,1
469798831,164609062.0,Active,P19784,O=C(NCCN1CCCCC1)c1ccc2c(c1)nc(Nc1cccc(Cl)c1)c1ccncc12,1
469801554,156861582.0,Active,P19784,O=C(OCCI)c1ccc2c(c1)nc(Nc1cccc(Cl)c1)c1ccncc12,1
469811134,156861576.0,Active,P19784,CS(=O)(=O)NC(=O)c1ccc2c(c1)nc(Nc1cccc(Cl)c1)c1ccncc12,1
469808584,156861591.0,Active,P19784,O=C(OCCF)c1ccc2c(c1)nc(Nc1cccc(Cl)c1)c1ccncc12,1
469816479,156861595.0,Active,P19784,COC(=O)CCCNC(=O)c1ccc2c(c1)nc(Nc1cccc(Cl)c1)c1ccncc12,1
469828106,57877024.0,Active,P19784,NCCNC(=O)c1ccc2c(c1)nc(Nc1cccc(Cl)c1)c1ccncc12,1
469799837,156861585.0,Active,P19784,O=C(OCCC(Cl)Cl)c1ccc2c(c1)nc(Nc1cccc(Cl)c1)c1ccncc12,1
469801055,156861584.0,Active,P19784,CN(C)CCNC(=O)c1ccc2c(c1)nc(Nc1cccc(Cl)c1)c1ccncc12,1
469808206,156861593.0,Active,P19784,O=C(NCCBr)c1ccc2c(c1)nc(Nc1cccc(Cl)c1)c1ccncc12,1
469809312,164616625.0,Active,P19784,C#CCNC(=O)c1ccc2c(c1)nc(Nc1cccc(Cl)c1)c1ccncc12,1
469812635,156861578.0,Active,P19784,O=C(OCC(F)F)c1ccc2c(c1)nc(Nc1cccc(Cl)c1)c1ccncc12,1
469817077,156861579.0,Active,P19784,O=C(NCCN1CCCC1)c1ccc2c(c1)nc(Nc1cccc(Cl)c1)c1ccncc12,1
469823768,156861592.0,Active,P19784,COC(=O)CCNC(=O)c1ccc2c(c1)nc(Nc1cccc(Cl)c1)c1ccncc12,1
469805488,164613866.0,Active,P19784,O=C(OCCc1ccccn1)c1ccc2c(c1)nc(Nc1cccc(Cl)c1)c1ccncc12,1
469816107,156861577.0,Active,P19784,O=C(O)CCNC(=O)c1ccc2c(c1)nc(Nc1cccc(Cl)c1)c1ccncc12,1
469821407,156861589.0,Active,P19784,O=C(NCCCO)c1ccc2c(c1)nc(Nc1cccc(Cl)c1)c1ccncc12,1
469815247,156861588.0,Active,P19784,NCCCNC(=O)c1ccc2c(c1)nc(Nc1cccc(Cl)c1)c1ccncc12,1
469826995,156861586.0,Active,P19784,O=C(OCCO)c1ccc2c(c1)nc(Nc1cccc(Cl)c1)c1ccncc12,1
469825467,164627382.0,Active,P19784,OCC1O[C@H](n2cnc3cc(Cl)c(Cl)cc32)[C@H](O)[C@@H]1O,1
469798749,25002772.0,Active,P19784,N#Cc1cccc(Nc2nc3cc(C(=O)O)ccc3c3cncnc23)c1,1
461558043,136932878.0,Active,P19784,O=C(O)c1ccc2cc1OCCOCCNc1ccn3ncc-2c3n1,1
440159327,11996298.0,Active,P19784,CN(c1ccnc(CNc2nc(Nc3ccc4[nH]c(O)cc4c3)ncc2C(F)(F)F)n1)S(C)(=O)=O,1
103654448,135837837.0,Inactive,P19784,COC(=O)c1ccc2c(C(=Nc3ccc(CN(C)C(=O)N(C)C)cc3)c3ccccc3)c(O)[nH]c2c1,0
103654707,135476706.0,Inactive,P19784,COC(=O)c1ccc2c(C(=Nc3ccc(CN4CCCCC4)cc3)c3ccccc3)c(O)[nH]c2c1,0
160702138,11687981.0,Inactive,P19784,NS(=O)(=O)c1cc(-c2nc3ccccc3s2)cs1,0
103618566,10037501.0,Inactive,P19784,CN1C(=N)N=C(Cc2ccc3c(c2)OCO3)C1=O,0
174496254,71624854.0,Inactive,P19784,Cc1cccc2nc(Cn3cnc4ccccc43)cc(=O)n12,0
336875660,137175094.0,Inactive,P19784,O=c1[nH]cnc2c(-n3cc(CCN4CCC(c5cccc(Cl)c5)CC4)cn3)nccc12,0
242404749,762415.0,Inactive,P19784,COc1ccc(/C=C2\CCOC2=O)cc1,0
103214783,5371900.0,Inactive,P19784,COc1ccc(CC2=NC(=O)NC2=O)cc1,0
103577780,11154925.0,Inactive,P19784,Cc1cc2c(F)c(Oc3ncnn4cc(OC[C@@H](C)OC(=O)C(C)N)c(C)c34)ccc2[nH]1,0
103667735,5081913.0,Inactive,P19784,O=C(Nc1cc(C(F)(F)F)cc(C(F)(F)F)c1)c1cc(Cl)ccc1O,0
103694307,11656518.0,Inactive,P19784,Cn1c(Nc2ccc(C(F)(F)F)cc2)nc2cc(Oc3ccnc(-c4nc(C(F)(F)F)c[nH]4)c3)ccc21,0
103192207,72435.0,Inactive,P19784,COc1cc([C@@H]2c3cc4c(cc3[C@H](O)[C@H]3COC(=O)C23)OCO4)cc(OC)c1OC,0
103244983,123631.0,Inactive,P19784,COc1cc2ncnc(Nc3ccc(F)c(Cl)c3)c2cc1OCCCN1CCOCC1,0
103317292,151194.0,Inactive,P19784,Clc1ccc(Nc2nnc(Cc3ccncc3)c3ccccc23)cc1,0
103501598,10302451.0,Inactive,P19784,CN1CCN(CCOc2cc(OC3CCOCC3)c3c(Nc4c(Cl)ccc5c4OCO5)ncnc3c2)CC1,0
103510213,11485656.0,Inactive,P19784,Cc1ccc(F)c(NC(=O)Nc2ccc(-c3cccc4[nH]nc(N)c34)cc2)c1,0
103604655,16725726.0,Inactive,P19784,CCn1c(-c2nonc2N)nc2c(C#CC(C)(C)O)ncc(OC[C@H]3CCCNC3)c21,0
104249696,10461508.0,Inactive,P19784,CCC1C(=O)N(C)c2cnc(Nc3ccc(C(=O)NC4CCC(N5CCN(CC6CC6)CC5)CC4)cc3OC)nc2N1C(C)C,0
123087413,9911830.0,Inactive,P19784,COc1cc2nccc(Oc3ccc(NC(=O)Nc4cc(C)on4)c(Cl)c3)c2cc1OC,0
160681714,11671467.0,Inactive,P19784,COc1cc(Nc2ncc(F)c(Nc3ccc4c(n3)N(COP(=O)(O)O)C(=O)C(C)(C)O4)n2)cc(OC)c1OC,0
160708513,11707110.0,Inactive,P19784,CC(=O)Nc1cccc(-n2c(=O)n(C3CC3)c(=O)c3c(Nc4ccc(I)cc4F)n(C)c(=O)c(C)c32)c1,0
164141653,10090485.0,Inactive,P19784,Cc1cccc(-c2nn3c(c2-c2ccnc4ccc(C(N)=O)cc24)CCC3)n1,0
242521480,25141092.0,Inactive,P19784,CN1CCN(c2ccc(C(=O)Nc3[nH]nc4ccc(Cc5cc(F)cc(F)c5)cc34)c(NC3CCOCC3)c2)CC1,0
242587692,57430866.0,Inactive,P19784,COc1cc(CCc2cc(NC(=O)c3ccc(N4CC(C)NC(C)C4)cc3)[nH]n2)cc(OC)c1,0
318457805,135567102.0,Inactive,P19784,CCNC(=O)C#Cc1ccc2c(C(=Nc3ccc(CN(C)C)cc3)c3ccccc3)c(O)[nH]c2c1,0
103240316,176167.0,Inactive,P19784,Cn1cc(C2=C(c3cn(C4CCN(Cc5ccccn5)CC4)c4ccccc34)C(=O)NC2=O)c2ccccc21,0
103554447,11712625.0,Inactive,P19784,Cc1cc(-c2cc(O)ccc2Cl)cc2nnc(Nc3ccc(OCCN4CCCC4)cc3)nc12,0
103561898,9811611.0,Inactive,P19784,NC(=O)c1c(OCc2c(F)cc(Br)cc2F)nsc1NC(=O)NCCCCN1CCCC1,0
103563888,644241.0,Inactive,P19784,Cc1cn(-c2cc(NC(=O)c3ccc(C)c(Nc4nccc(-c5cccnc5)n4)c3)cc(C(F)(F)F)c2)cn1,0
103620793,24864821.0,Inactive,P19784,COc1ccc2c(OCc3nnc4ccc(-c5ccccc5)nn34)ccnc2c1,0
103699058,24889392.0,Inactive,P19784,CC(C)(C)c1cc(NC(=O)Nc2ccc(-c3cn4c(n3)sc3cc(OCCN5CCOCC5)ccc34)cc2)no1,0
104253094,25167777.0,Inactive,P19784,COc1ncc(-c2ccc3nccc(-c4ccnnc4)c3c2)cc1NS(=O)(=O)c1ccc(F)cc1F,0
194161621,51042438.0,Inactive,P19784,Cn1ncc(Cl)c1-c1cc(C(=O)N[C@H](CN)Cc2ccc(F)c(F)c2)oc1Cl,0
381836756,117606729.0,Inactive,P19784,Cc1nc2cc(-c3nn(C(C)C)c4ncnc(N)c34)ccc2o1,0
124958086,25066467.0,Inactive,P19784,CNC(=O)c1cc(Oc2ccc(NC(=O)Nc3cc(C(C)(C)C)nn3-c3ccc4ncccc4c3)c(F)c2)ccn1,0
136925463,11597537.0,Inactive,P19784,OC1CCC(Nc2ncc3nc(Nc4c(F)cc(F)cc4F)n([C@H]4CCOC4)c3n2)CC1,0
136940589,24821094.0,Inactive,P19784,C=CC(=O)N1CCC[C@@H](n2nc(-c3ccc(Oc4ccccc4)cc3)c3c(N)ncnc32)C1,0
160667665,44462760.0,Inactive,P19784,CC(C)(C)c1nc(-c2cccc(NS(=O)(=O)c3c(F)cccc3F)c2F)c(-c2ccnc(N)n2)s1,0
160699332,16654980.0,Inactive,P19784,Nc1cc(C(F)(F)F)c(-c2cc(N3CCOCC3)nc(N3CCOCC3)n2)cn1,0
160708509,42642648.0,Inactive,P19784,C[C@@H]1COC(=Nc2ccc3ncnc(Nc4ccc(OCc5nccs5)c(Cl)c4)c3c2)N1,0
381836757,23653175.0,Inactive,P19784,COCc1c(-c2ccc(NC(=O)Nc3cc(C(F)(F)F)ccc3F)c(F)c2)c2c(N)ncnn2c1CN1CCOCC1,0
103354744,3038522.0,Inactive,P19784,COc1cc2c(N3CCN(C(=O)Nc4ccc(OC(C)C)cc4)CC3)ncnc2cc1OCCCN1CCCCC1,0
103688417,45270897.0,Inactive,P19784,Nc1ncnc2c1c(-c1cccc(OCc3ccccc3)c1)cn2C1CC(N2CCC2)C1,0
160703522,44205240.0,Inactive,P19784,CCS(=O)(=O)N1CC(CC#N)(n2cc(-c3ncnc4[nH]ccc34)cn2)C1,0
163312449,17754438.0,Inactive,P19784,OCCn1cc(-c2cnc3nnn(Cc4ccc5ncccc5c4)c3n2)cn1,0
242590736,10288191.0,Inactive,P19784,Cn1cnc2c(F)c(Nc3ccc(Br)cc3F)c(C(=O)NOCCO)cc21,0
312382539,25171648.0,Inactive,P19784,CN1CCC(COc2cnc(-c3cccc(Cn4nc(-c5cccc(C#N)c5)ccc4=O)c3)nc2)CC1,0
312467814,71727581.0,Inactive,P19784,Cn1nccc1Nc1nccc(-c2ccn([C@H](CO)c3ccc(Cl)c(F)c3)c(=O)c2)n1,0
312468157,44603533.0,Inactive,P19784,Cc1ccc(C(=O)Nc2ccc(Oc3cc4cnn(C)c4cc3-c3cn[nH]c3)c(F)c2)c(=O)n1-c1ccc(F)cc1,0
103164548,5284616.0,Inactive,P19784,COC1C(=O)C(C)C[C@H](C)/C=C/C=C/C=C(\C)[C@@H](OC)C[C@@H]2CC[C@@H](C)[C@@](O)(O2)C(=O)C(=O)N2CCCCC2C(=O)O[C@H]([C@H](C)C[C@@H]2CC[C@@H](O)[C@H](OC)C2)CC(=O)C(C)=CC(C)[C@H]1O,0
103177459,176870.0,Inactive,P19784,C#Cc1cccc(Nc2ncnc3cc(OCCOC)c(OCCOC)cc23)c1,0
103591700,24794418.0,Inactive,P19784,CCOc1ccn(-c2ccc(F)cc2)c(=O)c1C(=O)Nc1ccc(Oc2ccnc(N)c2Cl)c(F)c1,0
123085249,24963252.0,Inactive,P19784,Cn1c(=O)c(F)c(Nc2ccc(I)cc2F)c2c(=O)n(C[C@@H](O)CO)cnc21,0
123100264,6918736.0,Inactive,P19784,COc1cc(OC)c(/C=C/S(=O)(=O)Cc2ccc(OC)c(NCC(=O)O)c2)c(OC)c1,0
136937804,11167602.0,Inactive,P19784,CNC(=O)c1cc(Oc2ccc(NC(=O)Nc3ccc(Cl)c(C(F)(F)F)c3)c(F)c2)ccn1,0
174525694,16118392.0,Inactive,P19784,CN1CCN(C2CCN(C(=O)Nc3cc(Oc4ccc(NC(=O)C5(C(=O)Nc6ccc(F)cc6)CC5)c(F)c4)ccn3)CC2)CC1,0
242613211,1893730.0,Inactive,P19784,Cc1ccc(S(=O)(=O)Nc2nc3ccccc3nc2Nc2ccc3nsnc3c2)cc1,0
242651812,50922675.0,Inactive,P19784,COC(=O)N[C@@H](C)CNc1nccc(-c2cn(C(C)C)nc2-c2cc(Cl)cc(NS(C)(=O)=O)c2F)n1,0
312467833,10458325.0,Inactive,P19784,COc1cc2c(Nc3ccc(Cl)c(Cl)c3F)ncnc2cc1OCC1C[C@@H]2CN(C)C[C@@H]2C1,0
103708826,10296883.0,Inactive,P19784,CN1CCN(c2nc(C3=C(c4c[nH]c5ccccc45)C(=O)NC3=O)c3ccccc3n2)CC1,0
124968641,49806720.0,Inactive,P19784,CCc1cc2c(cc1N1CCC(N3CCOCC3)CC1)C(C)(C)c1[nH]c3cc(C#N)ccc3c1C2=O,0
136922080,10074640.0,Inactive,P19784,Cc1ccc(NC(=O)c2ccc(CN3CCN(C)CC3)cc2)cc1Nc1nc(-c2cccnc2)cs1,0
136933680,9868037.0,Inactive,P19784,O=C(Nc1ccc(OC(F)(F)F)cc1)c1sccc1NCc1ccnc2ccccc12,0
160680893,9808844.0,Inactive,P19784,CNC(=O)c1cc(COc2nnc(Nc3ccc(Cl)cc3)c3ccoc23)ccn1,0
160692473,11494412.0,Inactive,P19784,Oc1[nH]c(O)c(-c2cn3c4c(cccc24)CCC3)c1-c1c[nH]c2ccccc12,0
174510191,11955855.0,Inactive,P19784,Cc1cnc(NC(=O)Nc2cc(Br)c(C)cc2OC[C@@H]2CNCCO2)cn1,0
381835695,24765037.0,Inactive,P19784,Cc1ccc(-n2nc(C(C)(C)C)cc2NC(=O)NCc2cc(F)ccc2Oc2ccc3c(cnn3CCO)c2)cc1,0
103177479,208908.0,Inactive,P19784,CS(=O)(=O)CCNCc1ccc(-c2ccc3ncnc(Nc4ccc(OCc5cccc(F)c5)c(Cl)c4)c3c2)o1,0
103194628,3081361.0,Inactive,P19784,COc1cc2c(Nc3ccc(Br)cc3F)ncnc2cc1OCC1CCN(C)CC1,0
103210437,3547.0,Inactive,P19784,O=S(=O)(c1cccc2cnccc12)N1CCCNCC1,0
103589409,9826528.0,Inactive,P19784,O=C(NOC[C@H](O)CO)c1ccc(F)c(F)c1Nc1ccc(I)cc1F,0
104249468,3064778.0,Inactive,P19784,O=c1[nH]ccc2c(S(=O)(=O)N3CCCNCC3)cccc12,0
160676622,25102847.0,Inactive,P19784,COc1cc2nccc(Oc3ccc(NC(=O)C4(C(=O)Nc5ccc(F)cc5)CC4)cc3)c2cc1OC,0
160681954,10366136.0,Inactive,P19784,CC1(COc2ccc3c(c2)ncn3-c2ccc3cccc(N4CCC(N)CC4)c3n2)COC1,0
160683809,56846693.0,Inactive,P19784,COc1cc2ncnc(Oc3cccc(NC(=O)Nc4cc(C(C)(C)C(F)(F)F)on4)c3)c2cc1OC,0
174500821,56960447.0,Inactive,P19784,C[C@@H](Oc1cc(C(=O)Nc2ccc(C(=O)N3CCN(C)CC3)cc2)nnc1N)c1c(Cl)ccc(F)c1Cl,0
103730344,6445562.0,Inactive,P19784,CCOc1cc2ncc(C#N)c(Nc3ccc(F)c(Cl)c3)c2cc1NC(=O)/C=C/CN(C)C,0
103734272,9829523.0,Inactive,P19784,CO[C@@H]1[C@H](N(C)C(=O)c2ccccc2)C[C@H]2O[C@]1(C)n1c3ccccc3c3c4c(c5c6ccccc6n2c5c31)C(=O)NC4,0
103748127,46885626.0,Inactive,P19784,CCn1cc(-c2ccnc3[nH]c(-c4cccc(CN(C)C)c4)cc23)c(-c2ccc(NC(=O)N(C)C)cc2)n1,0
103749228,11640390.0,Inactive,P19784,CC1(O)CC(c2nc(-c3ccc4ccc(-c5ccccc5)nc4c3)c3c(N)nccn23)C1,0
123085234,11620908.0,Inactive,P19784,CC(C)(O)CC(=O)NCCn1ccc2ncnc(Nc3ccc(Oc4cccc(C(F)(F)F)c4)c(Cl)c3)c21,0
123092438,24995524.0,Inactive,P19784,O=C(Nc1cccc(Cl)c1)Nc1ncc(CCNc2ncnc3ccsc23)s1,0
194168287,25227462.0,Inactive,P19784,Cc1nc(Nc2[nH]nc3c2CN(C(=O)N[C@H](CN(C)C)c2ccccc2)C3(C)C)c2sccc2n1,0
242585457,24748204.0,Inactive,P19784,O=C(O)C1(Cc2cccc(Nc3nccs3)n2)CCC(Oc2cccc(Cl)c2F)CC1,0
242651807,49831257.0,Inactive,P19784,O=C(Nc1nc2cccc(-c3ccc(CN4CCS(=O)(=O)CC4)cc3)n2n1)C1CC1,0
103202250,156414.0,Inactive,P19784,C=CC(=O)Nc1cc2c(Nc3ccc(F)c(Cl)c3)ncnc2cc1OCCCN1CCOCC1,0
103441767,9915743.0,Inactive,P19784,CCOc1cc2ncc(C#N)c(Nc3ccc(OCc4ccccn4)c(Cl)c3)c2cc1NC(=O)/C=C/CN(C)C,0
103501363,6918852.0,Inactive,P19784,COc1ccc(F)c(F)c1C(=O)c1cnc(NC2CCN(S(C)(=O)=O)CC2)nc1N,0
103506979,9926791.0,Inactive,P19784,C[C@@H]1CCN(C(=O)CC#N)C[C@@H]1N(C)c1ncnc2[nH]ccc12,0
103578818,11973736.0,Inactive,P19784,Cc1cc(-c2cc(OC(=O)c3ccccc3)ccc2Cl)cc2nnc(Nc3ccc(OCCN4CCCC4)cc3)nc12,0
242566533,25031915.0,Inactive,P19784,CNC(=O)c1cccc2cc(Oc3ccnc4cc(OCC5(N)CC5)c(OC)cc34)ccc12,0
103501621,3062316.0,Inactive,P19784,Cc1nc(Nc2ncc(C(=O)Nc3c(C)cccc3Cl)s2)cc(N2CCN(CCO)CC2)n1,0
103573135,11442891.0,Inactive,P19784,COC(C(=O)N1Cc2[nH]nc(NC(=O)c3ccc(N4CCN(C)CC4)cc3)c2C1)c1ccccc1,0
103588661,43860.0,Inactive,P19784,CN1N=C(N)c2cn([C@@H]3O[C@H](COP(=O)(O)O)[C@@H](O)[C@H]3O)c3ncnc1c23,0
103722311,44516953.0,Inactive,P19784,CN(C)C1CCN(C(=O)c2ccc(NC(=O)Nc3ccc(-c4nc(N5CCOCC5)nc(N5CCOCC5)n4)cc3)cc2)CC1,0
103768137,24826799.0,Inactive,P19784,Cc1ccc(C(=O)Nc2ccc(CN3CCN(C)CC3)c(C(F)(F)F)c2)cc1C#Cc1cnc2cccnn12,0
160681716,11520894.0,Inactive,P19784,COC1C(=O)C(C)C[C@H](C)/C=C/C=C/C=C(\C)[C@@H](OC)C[C@@H]2CC[C@@H](C)[C@@](O)(O2)C(=O)C(=O)N2CCCCC2C(=O)O[C@H]([C@H](C)C[C@@H]2CC[C@@H](OP(C)(C)=O)[C@H](OC)C2)CC(=O)C(C)=CC(C)[C@H]1O,0
242613212,135565596.0,Inactive,P19784,COc1c(OCCCN2CCOCC2)ccc2c3n(c(=NC(=O)c4cnc(N)nc4)nc12)CCN3,0
312393544,9863672.0,Inactive,P19784,C[C@H]1CNCCCN1S(=O)(=O)c1cccc2cncc(F)c12,0
312468007,11313622.0,Inactive,P19784,O=c1sn(-c2cccc3ccccc23)c(=O)n1Cc1ccccc1,0
103420820,216239.0,Inactive,P19784,CNC(=O)c1cc(Oc2ccc(NC(=O)Nc3ccc(Cl)c(C(F)(F)F)c3)cc2)ccn1,0
103568709,3794.0,Inactive,P19784,COc1cc2ncnc(Nc3ccc(O)cc3)c2cc1OC,0
103712586,10297043.0,Inactive,P19784,CCN1CCN(Cc2ccc(-c3cc4c(N[C@H](C)c5ccccc5)ncnc4[nH]3)cc2)CC1,0
103728028,11626560.0,Inactive,P19784,C[C@@H](Oc1cc(-c2cnn(C3CCNCC3)c2)cnc1N)c1c(Cl)ccc(F)c1Cl,0
103744977,10341154.0,Inactive,P19784,NC(=O)c1ccc(N(C(N)=O)c2c(F)cccc2F)nc1-c1ccc(F)cc1F,0
104245715,42611257.0,Inactive,P19784,CCCS(=O)(=O)Nc1ccc(F)c(C(=O)c2c[nH]c3ncc(-c4ccc(Cl)cc4)cc23)c1F,0
124973404,15604510.0,Inactive,P19784,O=c1[nH]ccc2cc(OC3CCNCC3)ccc12,0
136920478,11977753.0,Inactive,P19784,Cn1c(=O)n(-c2ccc(C(C)(C)C#N)cc2)c2c3cc(-c4cnc5ccccc5c4)ccc3ncc21,0
160709020,44187362.0,Inactive,P19784,O=C(NC[C@H](O)CO)c1ccncc1Nc1ccc(I)cc1F,0
163320808,44137675.0,Inactive,P19784,Cc1cc([C@@H](C)Nc2ccccc2C(=O)O)c2nc(N3CCOCC3)cc(=O)n2c1,0
312467810,24905401.0,Inactive,P19784,NC[C@@](O)(c1ccc(Cl)cc1)c1ccc(-c2cn[nH]c2)cc1,0
312467960,44631912.0,Inactive,P19784,CN(C)C(=O)c1cc2cnc(Nc3ccc(N4CCNCC4)cn3)nc2n1C1CCCC1,0
318377089,11719003.0,Inactive,P19784,CC(C)Nc1cc(-c2c[nH]c(C(=O)N[C@H](CO)c3cccc(Cl)c3)c2)c(Cl)cn1,0
381835694,9888590.0,Inactive,P19784,COc1ccc(S(=O)(=O)N(C(C)=O)c2ccccc2/C=C/c2cc[n+]([O-])cc2)cc1,0
103631444,9871074.0,Inactive,P19784,C[C@@H]1CN(Cc2ccc(F)cc2)[C@@H](C)CN1C(=O)c1cc2c(C(=O)C(=O)N(C)C)cn(C)c2cc1Cl,0
104252814,44182295.0,Inactive,P19784,COc1cc(F)c(F)c(Nc2ccc(I)cc2F)c1NS(=O)(=O)C1(C[C@H](O)CO)CC1,0
123098996,9823820.0,Inactive,P19784,COc1cc2nccc(Oc3ccc(NC(=O)NC4CC4)c(Cl)c3)c2cc1C(N)=O,0
124974945,10437018.0,Inactive,P19784,Cc1c(NC(=O)OC[C@@H]2COCCN2)cn2ncnc(Nc3ccc4c(cnn4Cc4cccc(F)c4)c3)c12,0
160707851,22024915.0,Inactive,P19784,C#Cc1cccc(Nc2ncnc3cc4c(cc23)OCCOCCOCCO4)c1,0
174507796,11488320.0,Inactive,P19784,CNC(=O)CN1CCC(Oc2cc3c(Nc4cccc(Cl)c4F)ncnc3cc2OC)CC1,0
312358004,68289010.0,Inactive,P19784,C[C@@H](c1ccc2nccn2c1)n1nnc2ncc(-c3cnn(C)c3)nc21,0
312468158,57335384.0,Inactive,P19784,C=CC(=O)Nc1cccc(Nc2nc(Nc3ccc(N4CCN(C(C)=O)CC4)cc3OC)ncc2C(F)(F)F)c1,0
103624610,11364421.0,Inactive,P19784,CCC1C(=O)N(C)c2cnc(Nc3ccc(C(=O)NC4CCN(C)CC4)cc3OC)nc2N1C1CCCC1,0
160692470,46926350.0,Inactive,P19784,CCc1cnn2c(NCc3ccc[n+]([O-])c3)cc(N3CCCC[C@H]3CCO)nc12,0
163332079,24767976.0,Inactive,P19784,Cc1cc(C(=O)Nc2cc(Oc3ccc4nc(NC(=O)C5CC5)cn4n3)ccc2C)n(C)n1,0
174486688,56649450.0,Inactive,P19784,Cc1nc(NC(=O)N2CCCC2C(N)=O)sc1-c1ccnc(C(C)(C)C(F)(F)F)c1,0
242589547,11315474.0,Inactive,P19784,N#CC1(c2ccc(NC(=O)c3cccnc3NCc3ccncc3)cc2)CCCC1,0
374270483,66555680.0,Inactive,P19784,Cc1nc2cc(-n3ncc(C(=O)c4cc5ccccc5[nH]4)c3N)ccc2[nH]1,0
103229612,3025986.0,Inactive,P19784,CC(C)(C)c1cnc(CSc2cnc(NC(=O)C3CCNCC3)s2)o1,0
103470071,148177.0,Inactive,P19784,CCCCCCCCCCCCCCCCCCOP(=O)([O-])OC1CC[N+](C)(C)CC1,0
103483726,11234052.0,Inactive,P19784,Cc1cc2c(F)c(Oc3ncnn4cc(OC[C@@H](C)O)c(C)c34)ccc2[nH]1,0
103641275,9874913.0,Inactive,P19784,COCC(=O)NCC=Cc1ccc2ncnc(Nc3ccc(Oc4ccc(C)nc4)c(C)c3)c2c1,0
103694304,3078519.0,Inactive,P19784,CN[C@@H]1C[C@H]2O[C@@](C)([C@@H]1OC)n1c3ccccc3c3c4c(c5c6ccccc6n2c5c31)C(=O)N[C@H]4O,0
103694305,11667893.0,Inactive,P19784,CC1(C)CNc2cc(NC(=O)c3cccnc3NCc3ccncc3)ccc21,0
103696896,24785538.0,Inactive,P19784,C[C@@]1(C(=O)Nc2ccc(F)nc2)CCCN1c1nc(Nc2cc(C3CC3)[nH]n2)c2cccn2n1,0
103705703,23635314.0,Inactive,P19784,O=C(Cc1ccc(-c2ccc(OCCN3CCOCC3)cc2)cn1)NCc1ccccc1,0
103771165,6918289.0,Inactive,P19784,COC1C(=O)C(C)C[C@H](C)/C=C/C=C/C=C(\C)[C@@H](OC)C[C@@H]2CC[C@@H](C)[C@@](O)(O2)C(=O)C(=O)N2CCCCC2C(=O)O[C@H]([C@H](C)C[C@@H]2CC[C@@H](OC(=O)C(C)(CO)CO)[C@H](OC)C2)CC(=O)C(C)=CC(C)[C@H]1O,0
242637241,16719221.0,Inactive,P19784,CNS(=O)(=O)Nc1nccc(Cc2c(C)c3ccc(Oc4ncccn4)cc3oc2=O)c1F,0
312384567,52913813.0,Inactive,P19784,C[C@@H](Nc1cc(F)cc(F)c1)c1cc(C(=O)N(C)C)cc2c(=O)cc(N3CCOCC3)oc12,0
312468210,25134326.0,Inactive,P19784,COc1cc(N2CCC(N3CCN(C)CC3)CC2)ccc1Nc1ncnc(Nc2ccccc2S(=O)(=O)C(C)C)n1,0
374263426,51039094.0,Inactive,P19784,Cc1cc(Nc2ncnc3ccc(N=C4NC(C)(C)CO4)cc23)ccc1Oc1ccn2ncnc2c1,0
103196306,3035817.0,Inactive,P19784,COC(=O)[C@@]1(O)C[C@H]2O[C@]1(C)n1c3ccccc3c3c4c(c5c6ccccc6n2c5c31)C(=O)NC4,0
103592924,9933475.0,Inactive,P19784,COc1cc2c(Oc3ccc4[nH]c(C)cc4c3F)ncnc2cc1OCCCN1CCCC1,0
103744992,11552706.0,Inactive,P19784,Cc1c(F)cc(C(=O)NC2CC2)cc1-c1ccc(C(=O)NCC(C)(C)C)cn1,0
123101372,11548630.0,Inactive,P19784,O=C(NOCCO)c1cc(CN2OCCCC2=O)c(F)c(F)c1Nc1ccc(I)cc1F,0
160682577,6444692.0,Inactive,P19784,FC(F)(F)c1ccc(/C=C/c2nc(COc3ccc(CCCCn4ccnn4)cc3)co2)cc1,0
242591280,25145656.0,Inactive,P19784,CNC(=O)c1ccc(-c2cnc3ncc(Cc4ccc5ncccc5c4)n3n2)cc1F,0
312467926,25118925.0,Inactive,P19784,Cn1cc(-c2ccc(F)c(C(F)(F)F)c2)nc1C1CCN(c2ncnc3[nH]ncc23)CC1,0
103729562,24756910.0,Inactive,P19784,C#Cc1cccc(Nc2ncnc3cc(OC)c(OCCCCCCC(O)=NO)cc23)c1,0
134448064,25262965.0,Inactive,P19784,COc1ccc(-c2ccc3c(N4CCOC[C@@H]4C)nc(N4CCOC[C@@H]4C)nc3n2)cc1CO,0
163333081,46843057.0,Inactive,P19784,Cn1ncc(Cl)c1-c1cc(C(=O)N[C@H](CN)Cc2cccc(F)c2)sc1Cl,0
242558147,9806229.0,Inactive,P19784,C=CC(=O)Nc1cc2c(Nc3ccc(F)c(Cl)c3)ncnc2cc1C#CC(C)(C)N1CCN(C)CC1,0
242559915,24856041.0,Inactive,P19784,Cc1csc(-c2nnc(Nc3ccc(Oc4ncccc4-c4ccnc(N)n4)cc3)c3ccccc23)c1,0
312468065,50922691.0,Inactive,P19784,CCn1c(C(=O)N(C2CC2)C2CC2)cc2c3c(ncn3C)c(Nc3cc(C)n(C)n3)nc21,0
381841290,89455219.0,Inactive,P19784,C=CC(=O)N1CCC[C@H](n2c(=O)n(-c3ccc(Oc4ccccc4)cc3)c3c(N)ncnc32)C1,0
103220856,5328940.0,Inactive,P19784,COc1cc(Nc2c(C#N)cnc3cc(OCCCN4CCN(C)CC4)c(OC)cc23)c(Cl)cc1Cl,0
103744991,22049997.0,Inactive,P19784,CNC(=O)c1ccc(C)c(-n2c(C)cc(OCc3ccc(F)cc3F)c(Br)c2=O)c1,0
103768626,10184653.0,Inactive,P19784,CN(C)C/C=C/C(=O)Nc1cc2c(Nc3ccc(F)c(Cl)c3)ncnc2cc1O[C@H]1CCOC1,0
134434312,44137946.0,Inactive,P19784,CN(C[C@@H]1COCCO1)S(=O)(=O)Nc1ccc2ccc3ncc(-c4cnn(C)c4)cc3c(=O)c2c1,0
136936437,25254071.0,Inactive,P19784,Cc1c(CN2CCN(C(=O)C(C)O)CC2)sc2c(N3CCOCC3)nc(-c3cnc(N)nc3)nc12,0
164148325,45142457.0,Inactive,P19784,Cn1cc(-c2cnc3ccc4ccc(CS(=O)(=O)NCc5ccccn5)cc4c(=O)c3c2)cn1,0
164149381,25262792.0,Inactive,P19784,CNC(=O)c1cccc(-c2ccc3c(N4CCOC[C@@H]4C)nc(N4CCOC[C@@H]4C)nc3n2)c1,0
174505192,11511120.0,Inactive,P19784,COc1cc2ncnc(Nc3ccc(F)c(Cl)c3)c2cc1NC(=O)/C=C/CN1CCCCC1,0
242553396,46911863.0,Inactive,P19784,Cn1cc(-c2ccc3nnc(C(F)(F)c4ccc5ncccc5c4)n3n2)cn1,0
242585634,16666708.0,Inactive,P19784,Cc1cc(C(=O)NOCCO)c(Nc2ccc(I)cc2F)n(C)c1=O,0
242591564,56949517.0,Inactive,P19784,Cc1c(Cn2c(C)nc3c(C(=O)O)cc(N4CCOCC4)cc32)cccc1C(F)(F)F,0
103482046,11387605.0,Inactive,P19784,Cc1ccc(NC(=O)c2ccc(CN3CC[C@H](N(C)C)C3)c(C(F)(F)F)c2)cc1Nc1nccc(-c2cncnc2)n1,0
136929859,6442177.0,Inactive,P19784,COC1C(=O)C(C)C[C@H](C)/C=C/C=C/C=C(\C)[C@@H](OC)C[C@@H]2CC[C@@H](C)[C@@](O)(O2)C(=O)C(=O)N2CCCCC2C(=O)O[C@H]([C@H](C)C[C@@H]2CC[C@@H](OCCO)[C@H](OC)C2)CC(=O)C(C)=CC(C)[C@H]1O,0
163315619,11625818.0,Inactive,P19784,CC[C@H](Nc1ncnc2[nH]cnc12)c1nc2cccc(F)c2c(=O)n1-c1ccccc1,0
163323209,16222096.0,Inactive,P19784,O=C(c1ccc(F)c(F)c1Nc1ccc(I)cc1F)N1CC(O)([C@@H]2CCCCN2)C1,0
312364436,25161177.0,Inactive,P19784,C[C@@H](NC(=O)c1ncnc(N)c1Cl)c1ncc(C(=O)Nc2cc(C(F)(F)F)c(Cl)cn2)s1,0
312367127,71496458.0,Inactive,P19784,C=CC(=O)Nc1cc(Nc2nccc(-c3cn(C)c4ccccc34)n2)c(OC)cc1N(C)CCN(C)C,0
336907714,25151352.0,Inactive,P19784,FC(F)(F)c1ccc(CNc2ccc(Cc3c[nH]c4ncc(Cl)cc34)cn2)cn1,0
381836758,23643975.0,Inactive,P19784,CN1CC[C@@H](c2c(O)cc(O)c3c(=O)cc(-c4ccccc4Cl)oc23)[C@@H]1CO,0
103176908,160355.0,Inactive,P19784,CC[C@H](CO)Nc1nc(NCc2ccccc2)c2ncn(C(C)C)c2n1,0
103577849,9849735.0,Inactive,P19784,C=CCN(/C=C1/C(=O)O[C@H](COC)[C@]2(C)C3=C(C(=O)C(=O)C12)[C@@H]1CCC(=O)[C@@]1(C)C[C@H]3OC(C)=O)CC=C,0
103623548,10113978.0,Inactive,P19784,Cc1ccc(Nc2nccc(N(C)c3ccc4c(C)n(C)nc4c3)n2)cc1S(N)(=O)=O,0
104246799,46191454.0,Inactive,P19784,CC(C)CC(=O)Nc1[nH]nc2c1CN(C(=O)C1CCN(C)CC1)C2(C)C,0
160708511,11282283.0,Inactive,P19784,S=C(NCc1ccc2c(c1)OCO2)N1CCN(c2ncnc3c2oc2ccccc23)CC1,0
103563466,24901704.0,Inactive,P19784,Cn1cnc(-c2cc3nccc(Oc4ccc(NC(=S)NC(=O)Cc5ccccc5)cc4F)c3s2)c1,0
103643679,11338033.0,Inactive,P19784,O=C(NC1CCNCC1)c1[nH]ncc1NC(=O)c1c(Cl)cccc1Cl,0
103741972,24964624.0,Inactive,P19784,NC1(c2ccc(-c3nc4ccn5c(=O)[nH]nc5c4cc3-c3ccccc3)cc2)CCC1,0
104252247,24779724.0,Inactive,P19784,Cn1cc(-c2ccc3nnc(Sc4ccc5ncccc5c4)n3n2)cn1,0
164134558,25227436.0,Inactive,P19784,NC1(C(=O)N[C@@H](CCO)c2ccc(Cl)cc2)CCN(c2ncnc3[nH]ccc23)CC1,0
174522973,57379345.0,Inactive,P19784,Cc1cc(Nc2ncc(Cl)c(Nc3ccccc3S(=O)(=O)C(C)C)n2)c(OC(C)C)cc1C1CCNCC1,0
194146308,11952856.0,Inactive,P19784,COc1cc2ncnc3c2cc1OCCCCCN(C)Cc1ccc(Br)cc1N3,0
312468216,16123056.0,Inactive,P19784,CCn1c(=O)c(-c2cc[nH]n2)cc2c(C)nc(N)nc21,0
440215847,138105961.0,Inactive,P19784,CN1C[C@H](Nc2nc3cc[nH]c3c(=O)n2C)C[C@H](c2ccc3c(c2)OCCO3)C1,0
440164983,23652660.0,Inactive,P19784,CCC(F)(F)c1cc(N2CCC(S(C)(=O)=O)CC2)nc2sc(C(N)=O)c(N)c12,0
461563589,162677478.0,Inactive,P19784,COc1nc2ccc([C@@](O)(c3ccccc3)C3CCN(C(C)=O)CC3)cc2c(Cl)c1Cc1ccc(-n2cccn2)cc1,0
461563592,155884467.0,Inactive,P19784,CCC(Nc1c(C#N)c(-c2ccc(-c3cccc(C)c3F)cc2)nc2cnccc12)C(=O)O,0
440230063,24959105.0,Inactive,P19784,CC1=C(C#N)C(c2ccc3[nH]nc(C)c3c2)C(C#N)=C(C)N1,0
440120698,134128280.0,Inactive,P19784,CN1CCN(c2cnc3c(C4CCN(C(=O)c5ccc(OC(F)(F)F)cc5N)CC4)ncnc3c2)CC1,0
440174729,137322663.0,Inactive,P19784,CNCc1ccccc1-c1csc([C@@H](C)Nc2nc(C)nc3cc(OC)c(OC)cc23)c1,0
312390293,66764813.0,Inactive,P19784,CN(C)C(=O)Cn1cc(-c2nc([C@@](C)(c3ccc(-c4cnc(N)nc4)cc3)C3CC3)no2)cn1,0
381885815,78319901.0,Inactive,P19784,C[C@@H]1CN(c2cc(-c3[nH]nc4ccc(OC5(C)CC5)cc34)ncn2)C[C@H](C)O1,0
163327014,45279963.0,Inactive,P19784,O=C1c2ccc(Nc3ccc(F)cc3F)cc2CCc2ccc(OC[C@H](O)CO)cc21,0
440218803,134817183.0,Inactive,P19784,CCc1ccccc1C(=O)Nc1[nH]nc2c(C)c(F)c(C3C(C#N)=C(C)N(C)C(C)=C3C#N)cc12,0
103277752,5025739.0,Inactive,P19784,c1ccc(N2CCN(Cc3nc4ccccc4[nH]3)CC2)nc1,0
242645573,25114442.0,Inactive,P19784,COc1ccc2cc(OCC3(C(=O)O)CN(C(=O)c4ccc(F)cc4)C3)ccc2c1,0
318374372,56645363.0,Inactive,P19784,CC(C)(O)c1cncc(-c2nc3ccc(F)cc3n2C2CC2)c1,0
440170635,58026161.0,Inactive,P19784,CCS(=O)(=O)c1cc2cc(C[C@@](O)(CC(C)(C)c3ccc(F)cc3C(N)=O)C(F)(F)F)[nH]c2cn1,0
440175882,145925685.0,Inactive,P19784,C[C@H](c1ccnc(Nc2nc3cc(-c4cc(N(C)C)ncn4)ccc3[nH]2)c1)N1CCN(C(=O)CC(F)(F)F)CC1,0
440210612,155561913.0,Inactive,P19784,CO[C@@H](C)c1c(Nc2ccc([C@@H](N(C)C(=O)C3CCS(=O)(=O)CC3)C(F)(F)F)cc2)cnc2cc(Cl)nn12,0
136938862,56850410.0,Inactive,P19784,Cn1nc(C(=O)NCc2ccc(C(=O)O)cc2)cc1-c1ccc2[nH]ccc2c1,0
440159052,155541355.0,Inactive,P19784,CC(C)CC(=O)N1CCc2nc(-c3ccc(Br)cc3)nc(N(C)Cc3ccccc3)c2C1,0
440165545,155544007.0,Inactive,P19784,Cc1cc(NC(=O)c2cccc(S(F)(F)(F)(F)F)c2)cc(-n2ccn3nc(-c4cccnc4)cc23)c1,0
440224957,6451154.0,Inactive,P19784,Cn1cncc1[C@](O)(COc1ccc(C#N)cc1-c1ccc(OC(F)(F)F)cc1)c1ccc(C#N)cc1,0
103683319,45268455.0,Inactive,P19784,CN([C@@H]1CCc2c(CC(=O)O)c3ccccc3n2C1)S(=O)(=O)c1ccc(F)cc1,0
134457814,56678756.0,Inactive,P19784,CCC(=O)N[C@@H]1CCC(C(=O)N(C)c2ccc(-c3nc4ccccc4o3)cc2)C1,0
381872584,121301295.0,Inactive,P19784,COc1ccc2c(c1)O[C@@H](c1ccc(OC)c(OC)c1)C[C@H]2NC(=O)C1(c2ccc3c(c2)OC(F)(F)O3)CC1,0
440124631,118191391.0,Inactive,P19784,Cc1c(NC(=O)c2cc(C(N)=O)nc3cc(F)ccc23)c(C(F)(F)F)nn1Cc1ccc(C#N)cc1,0
440190963,155554081.0,Inactive,P19784,C[C@@]1(Cc2ccc(C#N)cc2)C(=O)N(c2cc(Cl)cc(Cl)c2)c2ncc(C(=O)NC3(c4nc(C5CCC5)no4)CC3)n21,0
440202897,155558842.0,Inactive,P19784,O=C1NC(c2ccccn2)Sc2ccccc21,0
136929043,45376872.0,Inactive,P19784,CCOC(=O)c1cc2cc(-c3cc(C(=O)NCc4ccc(C(=O)O)cc4)nn3C)ccc2[nH]1,0
461542924,162662928.0,Inactive,P19784,O=C(Nc1cccnn1)N1CC(C/C=C/c2cncc(Oc3ccc(C(F)(F)F)cn3)n2)C1,0
163339280,49821991.0,Inactive,P19784,COCCOc1nc(-c2ccc(Cl)nc2)nc2c1CN(C(=O)c1ncn3ccccc13)CC2,0
381887626,137662140.0,Inactive,P19784,Cc1nc(Cc2cccc(C(F)(F)F)c2)sc1-c1ccc(C(N)=O)nc1,0
404679711,49846946.0,Inactive,P19784,COC1CCC(CNc2ccc(S(=O)(=O)NC(=O)c3ccc(N4CCN(CC5=C(c6ccc(Cl)cc6)CC(C)(C)CC5)CC4)cc3Oc3cnc4[nH]ccc4c3)cc2[N+](=O)[O-])CC1,0
440198624,155557179.0,Inactive,P19784,C[C@H](NC(=O)Nc1cc2[nH]ncc2c(CO)n1)c1ccccn1,0
440226684,155568238.0,Inactive,P19784,CS(=O)(=O)N1CCCC(NC(=O)C(CCC2CCCCC2)NC(=O)c2ccc(CNC(=O)c3cnc4ccccn34)cc2)C1,0
103349868,5310991.0,Inactive,P19784,CCCOc1ccc([C@H]2C(C(=O)O)[C@@H](c3ccc4c(c3)OCO4)CN2CC(=O)Nc2c(CC)cccc2CC)cc1,0
134461578,51346964.0,Inactive,P19784,CCC(=O)N[C@H]1CCC(C(=O)N(C)c2ccc(-c3nc4ccccc4o3)cc2)C1,0
318374355,122179556.0,Inactive,P19784,FC(F)(F)c1ccc2c(c1)nc(-c1cccnc1)n2C1CC1,0
336900042,89794927.0,Inactive,P19784,Cc1nc(N2CC[C@@H](O)C2)ncc1-c1cc(C(F)(F)F)cc2[nH]ncc12,0
440225117,59126962.0,Inactive,P19784,COc1ccc2c(O[C@@H]3CC4C(=O)N[C@]5(C(=O)O)CC5/C=C\CCCCCC(NC(=O)OC5CCCC5)C(=O)N4C3)cc(-c3csc(NC(=O)C(C)C)n3)nc2c1C,0
381840647,121301422.0,Inactive,P19784,COc1ccc2c(c1)O[C@H](c1ccc(OC)c(OC)c1)C[C@@H]2NC(=O)C1(c2ccc3c(c2)OC(F)(F)O3)CC1,0
404661187,131953432.0,Inactive,P19784,O=C(NCC1[C@H]2CN(C(=O)OCc3cc(C(F)(F)F)cc(C(F)(F)F)c3)C[C@@H]12)c1ccc2[nH]nnc2c1,0
440157481,155540682.0,Inactive,P19784,NS(=O)(=O)c1cc(NC(=O)C2(c3ccccc3Cl)CC2)ccc1Oc1cccc(Cl)c1,0
440165585,10278851.0,Inactive,P19784,Cn1cncc1[C@@](O)(COc1ccc(C#N)cc1-c1ccc(OC(F)(F)F)cc1)c1ccc(C#N)cc1,0
440202169,56849304.0,Inactive,P19784,CN(C)C(=O)Cn1cc(-c2nc(C3(c4ccc(-c5cnc(N)nc5)cc4)CC3)no2)cn1,0
440132255,52916803.0,Inactive,P19784,CS(=O)(=O)c1cc(C2(NC(=O)c3cncc4c3cnn4-c3ccc(F)cc3)CC2)ccn1,0
440157493,57861407.0,Inactive,P19784,CCOCCn1cc(C(=O)Nc2ccc(-n3nc(-c4cccnc4)cc3C(F)(F)F)cn2)ccc1=O,0
440177378,137332060.0,Inactive,P19784,CNC(=O)Nc1ccc2c(c1)[C@@]1(CC2)OC(=O)N(CC(=O)N(Cc2ccc(F)cc2)[C@@H](C)C(F)(F)F)C1=O,0
440134679,139600336.0,Inactive,P19784,O=C(Nc1cnc(Oc2ccc(F)cc2)nc1)N1CCc2ncccc2[C@@H]1c1ccc(F)cc1,0
440180707,155550034.0,Inactive,P19784,CC(=O)N1CCC(c2ccc(C(=O)NC3=NCCN3)cc2C(F)(F)F)CC1,0
440205039,118877194.0,Inactive,P19784,O=C(NCc1ncc(C(F)(F)F)cc1Cl)c1ccc2c(c1)C1(CCS(=O)(=O)CC1)[C@@H](C1CC1)N2S(=O)(=O)c1ccc(F)cc1,0
440207046,155560522.0,Inactive,P19784,CS(=O)(=O)N1CCCC(NC(=O)C(CCC2CCCCC2)NC(=O)c2ccc(CNc3ncnc4c3nnn4-c3ccccc3)cc2)C1,0
442046235,11772152.0,Inactive,P19784,CSc1cccnc1N1CCN(Cc2nc3ccccc3[nH]2)CC1,0
318390136,23728722.0,Inactive,P19784,CC(=O)C1=C(C)N(c2cccc(C(F)(F)F)c2)C(=O)N[C@@H]1c1ccc(C#N)nc1,0
440112062,139030333.0,Inactive,P19784,Nc1c(C(=O)NCc2ccc(C(=O)NCCCC3CCCCC3)cc2)cnn1-c1ccccc1,0
440156611,155540255.0,Inactive,P19784,O=C(NC1CCCCC/C=C\C2C[C@@]2(C(=O)O)NC(=O)C2C[C@@H](Oc3ccncc3)CN2C1=O)OC1CCCC1,0
440175888,85469632.0,Inactive,P19784,O=C(NCc1ncc(C(F)(F)F)cc1Cl)c1ccc2c(c1)C1(CCS(=O)(=O)CC1)[C@H](C1CC1)N2S(=O)(=O)c1ccc(F)cc1,0
440179305,137479135.0,Inactive,P19784,CN(C)c1ncnc(-c2ccc3[nH]c(Nc4cc(CN5CCN(C(=O)CC(F)(F)F)CC5)ccn4)nc3c2)c1Cl,0
440208510,155561056.0,Inactive,P19784,Cc1c(C(=O)O)cc(-c2ccc(C3CCNCC3)cc2)c2ccc(-c3ccc(C(F)(F)F)cc3)cc12,0
440217259,11364870.0,Inactive,P19784,CC(=O)c1c(NS(C)(=O)=O)c2cc(-c3ccc(Cl)cc3)c(-c3ccc(Cl)cc3Cl)nc2n(C)c1=O,0
442046237,156009445.0,Inactive,P19784,Cc1noc([C@H]2C[C@@H](c3ccc(C(F)(F)F)cc3)CN(C(=O)N3CCS(=O)(=O)C3)C2)n1,0
312361687,59447577.0,Inactive,P19784,CN(C)CC#Cc1ccc(OCCCc2sc(N3CCc4cccc(C(=O)Nc5nc6ccccc6s5)c4C3)nc2C(=O)O)c(F)c1,0
318459881,87522699.0,Inactive,P19784,CCC(=NO)/C(C)=C/c1ccc(F)c(C)c1,0
404696611,118958122.0,Inactive,P19784,CNC(=O)Nc1ccc2c(c1)CC[C@@]21OC(=O)N(CC(=O)N(Cc2ccc(F)cc2)[C@@H](C)C(F)(F)F)C1=O,0
440132040,154701643.0,Inactive,P19784,Cc1nc(C2CCN(C(=O)c3ccc(OC(F)(F)F)cc3N)CC2)c2ncc(N3CCN(C)CC3)cc2n1,0
124963756,24771824.0,Inactive,P19784,O=C(Nc1cccnn1)N1CCC(=Cc2cccc(Oc3ccc(C(F)(F)F)cn3)c2)CC1,0
312359683,11525848.0,Inactive,P19784,COc1cccc(CNC(=O)c2nc(=O)c3c(COCc4ccc(C(=O)O)cc4)csc3[nH]2)c1,0
381842065,137635074.0,Inactive,P19784,N#Cc1ccc(Nc2ccc3[nH]c(=O)[nH]c3c2)c(Cl)c1,0
440162068,138973681.0,Inactive,P19784,CNCc1ccccc1-c1csc([C@H](C)Nc2nc(C)nc3cc(OC)c(OC)cc23)c1,0
440174202,101933292.0,Inactive,P19784,CCCOc1ccc([C@@H]2C(C(=O)O)[C@H](c3ccc4c(c3)OCO4)CN2CC(=O)Nc2c(CC)cccc2CC)cc1,0
440228548,155568985.0,Inactive,P19784,O=C(Nc1ccc(Oc2ccc(F)cc2)cc1)N1CCc2ncccc2[C@H]1c1ccc(F)cc1,0
103745040,11577204.0,Inactive,P19784,O=S(=O)(NC1CCC(c2cc(F)ccc2F)(S(=O)(=O)c2ccc(Cl)cc2)CC1)C(F)(F)F,0
163325400,71455782.0,Inactive,P19784,N#CC1(c2ccccn2)CCN(Cc2cc(C(=O)N3CCCC3)c(=O)n3ccccc23)CC1,0
318376732,118430456.0,Inactive,P19784,Cc1c(Oc2c(F)cccc2F)c(OC(C)C)nn1-c1ncc(C2CC2)cc1F,0
318444609,53251189.0,Inactive,P19784,Cc1cc(Nc2nccc(C)n2)cc(-c2cnc([C@@]3(O)CCC(C(=O)O)C(C)(C)C3)s2)c1,0
336898978,127046693.0,Inactive,P19784,C[C@@H](c1cccc(C#N)c1)n1cc(Cl)cc(C(N)=O)c1=N,0
440131550,91885570.0,Inactive,P19784,Cn1nc(C(F)(F)F)cc1-c1cnc(N2CCc3cc(S(=O)(=O)Nc4c(F)cc(Cl)cc4F)cc(N4CCCC4=O)c32)nc1,0
440153796,91827581.0,Inactive,P19784,CCCCN(CCCC)C(=O)CN1C[C@@H](c2cc(OC)c3c(c2)OCO3)C(C(=O)O)[C@H]1CC(C)(C)CCC,0
440186768,155552454.0,Inactive,P19784,Cn1cc(Cl)c2c(Oc3c(F)cc(Nc4cc(Cl)nc(N)n4)cc3F)ccnc21,0
440201576,155558331.0,Inactive,P19784,C[C@@H]1CN(c2cc(-c3nn(C)c4ccc(OC5(C)CC5)cc34)ncn2)C[C@H](C)O1,0
440223918,140309892.0,Inactive,P19784,Nc1cnc(N2CCc3cc(S(=O)(=O)Nc4c(F)cc(Cl)cc4F)cc(N4CCCC4=O)c32)nc1,0
124976534,53326879.0,Inactive,P19784,CN([C@@H]1CCc2c(CC(=O)O)c3cc(S(C)(=O)=O)ccc3n2C1)S(=O)(=O)c1ccc(F)cc1,0
134447941,25229646.0,Inactive,P19784,N#CC1(c2ccccn2)CCN(Cc2cc(C(=O)O)c(=O)n3ccccc23)CC1,0
318372032,60195662.0,Inactive,P19784,C[C@H](c1ccc(F)cc1)N(Cc1cccc(C(=O)O)c1)C(=O)c1cnc2ccccc2c1,0
440170404,155545891.0,Inactive,P19784,Cc1ccc(-c2cnc([C@@]3(O)CCC(C(=O)O)C(C)(C)C3)s2)cc1Nc1cccc(C(F)(F)F)n1,0
440192898,155554839.0,Inactive,P19784,Cc1nccc(COC(=O)N2C[C@@H]3C(CNC(=O)c4ccc5[nH]nnc5c4)[C@@H]3C2)n1,0
103333158,9915028.0,Inactive,P19784,CCCCN(CCCC)C(=O)CN1C[C@H](c2cc(OC)c3c(c2)OCO3)C(C(=O)O)[C@@H]1CC(C)(C)CCC,0
318456509,42641861.0,Inactive,P19784,CCC(=NO)/C(C)=C/c1ccc(F)cc1,0
374280463,71623052.0,Inactive,P19784,Cc1cc(C)c(-n2ccn3nc(-c4cccnc4)cc23)cc1NC(=O)c1cc(C#N)cc(S(F)(F)(F)(F)F)c1,0
440170924,58431184.0,Inactive,P19784,CC(NC(=O)c1cnc2n1[C@](C)(Cc1ccc(C#N)cc1)C(=O)N2c1cc(Cl)c(F)c(Cl)c1)C(=O)NC1(c2ccccn2)CC1,0
440171401,155546287.0,Inactive,P19784,O=C(NCCCC1CCCCC1)c1ccc(CNC(=O)c2cnn(-c3ccccc3)c2C(F)(F)F)cc1,0
440178405,145925680.0,Inactive,P19784,C[C@@H](NC(=O)Nc1cc2[nH]ncc2c(CO)n1)c1ccccc1,0
312372725,44543970.0,Inactive,P19784,CCS(=O)(=O)c1cc2cc(C[C@](O)(CC(C)(C)c3ccc(F)cc3C(N)=O)C(F)(F)F)[nH]c2cn1,0
440172743,155546818.0,Inactive,P19784,COc1cc(-c2cn(C3CCc4ccccc4N(CC(F)(F)F)C3=O)nn2)ccc1-n1ccc(C)n1,0
440193399,155555047.0,Inactive,P19784,O=C(NS(=O)(=O)c1ccc(NCC2CCOCC2)c([N+](=O)[O-])c1)c1ccc(N2CCN(Cc3ccc(C(F)(F)F)cc3-c3ccc(Cl)cc3)CC2)cc1Oc1cnc2[nH]ccc2c1,0
440194870,124203924.0,Inactive,P19784,Cc1c(NC(=O)c2cc(C(N)=O)nc3cc(F)ccc23)c(C(F)(F)F)nn1Cc1ccc(C(C)(C)C)cc1,0
134451810,42611190.0,Inactive,P19784,O=C(O)c1cc(-c2ccc(C3CCNCC3)cc2)c2ccc(-c3ccc(C(F)(F)F)cc3)cc2c1,0
242510763,11524200.0,Inactive,P19784,Cc1c[nH]c2nccc(Oc3c(F)cc(Nc4cc(Cl)nc(N)n4)cc3F)c12,0
381863071,131801156.0,Inactive,P19784,O=C1CCc2cc(Nc3cc(OC4CCOCC4)c([N+](=O)[O-])cc3Cl)ccc2N1,0
440164595,155543618.0,Inactive,P19784,CC1=C(C#N)[C@@H](c2ccc3[nH]nc(C)c3c2)C(C#N)=C(c2ccc(Cl)cc2)N1,0
440207296,155560620.0,Inactive,P19784,CO[C@@H](C)c1c(Nc2ccc([C@H](N(C)C(=O)C3CCS(=O)(=O)CC3)C(F)(F)F)cc2)cnc2cc(Cl)nn12,0
163338225,51031001.0,Inactive,P19784,CC(=O)N1CCC(c2ccc(C(=O)N=C(N)N)cc2C(F)(F)F)CC1,0
318386330,59472574.0,Inactive,P19784,COc1cc(-c2cn(C3CCc4c(F)cccc4N(CC(F)(F)F)C3=O)nn2)ccc1-n1cnc(C)c1,0
381861468,56649300.0,Inactive,P19784,Cc1cc(-n2nc(Cc3cc(F)cc(C(F)(F)F)c3)nc2C)ccc1C(N)=O,0
440156172,9837640.0,Inactive,P19784,O=c1nc(-c2ccccn2)sc2ccccc12,0
440179852,155549686.0,Inactive,P19784,O=C(c1ccc(OCCC2CCOCC2)cc1)C1CC[C@H](Cn2nnc3ccccc3c2=O)C1C(=O)O,0
440180856,155550101.0,Inactive,P19784,CS(=O)(=O)NCC[C@H](NC(=O)c1cncc2c1cnn2-c1ccc(F)cc1)c1ccnc(S(C)(=O)=O)c1,0
440217121,118425786.0,Inactive,P19784,O=C(c1ccc(OCCC2CCOCC2)cc1)C1CC[C@@H](Cn2nnc3ccccc3c2=O)C1C(=O)O,0
442046236,156009444.0,Inactive,P19784,CC1=C(C#N)C(c2ccc3c(c2)c(NC(=O)c2ccccc2C)nn3C)C(C#N)=C(C)N1,0
103478702,11386747.0,Inactive,P19784,CC(=O)Nc1c(C(C)=O)c(=O)n(C)c2nc(-c3ccc(Cl)cc3Cl)c(-c3ccc(Cl)cc3)cc12,0
440162092,124125214.0,Inactive,P19784,NS(=O)(=O)c1cc(NC(=O)Cc2ccccc2)ccc1Oc1cccc(Cl)c1,0
336898977,44470113.0,Inactive,P19784,C[C@H](c1cccc(C#N)c1)n1cc(Cl)cc(C(N)=O)c1=N,0
442046238,154701640.0,Inactive,P19784,O=C(N1CCS(=O)(=O)CC1)N1C[C@H](c2ccc(OC(F)(F)F)cc2)C[C@H](c2nc(C3CC3)no2)C1,0
